DevOps Engineer Dublin Ireland, DAQRI , https://ie.indeed.com/jobs?q=devops&l=Dublin&start=0&vjk=a03d415e6fa0b986
WANTED Linux DevOps Engineer  Dublin Ireland, Boryana Ltd , https://ie.indeed.com/jobs?q=devops&l=Dublin&start=0&vjk=d1134c4b0f1cf407
DevOps Engineer Dublin, Telnyx , https://ie.indeed.com/jobs?q=devops&l=Dublin&start=0&vjk=9633ff90b244a23f
DevOps Engineer  Dublin, Risk Solutions , https://ie.indeed.com/jobs?q=devops&l=Dublin&start=0&vjk=c17de36727870592
DevOps Engineer, Hertz Europe , https://ie.indeed.com/jobs?q=devops&l=Dublin&start=0&vjk=7d2958798d195d3f
DevOps Engineer, Sagax Technologies , https://ie.indeed.com/jobs?q=devops&l=Dublin&start=0&vjk=d03579a0e3b84bc6
DevOps  Release Engineer NET, BearingPoint Ireland , https://ie.indeed.com/jobs?q=devops&l=Dublin&start=0&vjk=5c4f3995d142566b
Devops Engineer, LetsGetChecked , https://ie.indeed.com/jobs?q=devops&l=Dublin&start=0&vjk=43fe3e810b0b1f3e
DevOps Engineer, SQS Group , https://ie.indeed.com/jobs?q=devops&l=Dublin&start=0&vjk=8f38c445923e8a10
Java DevOps Engineer, Test Triangle Pvt Ltd , https://ie.indeed.com/jobs?q=devops&l=Dublin&start=0&vjk=07780048e2bcd0ea
Devops Engineer, Sage , https://ie.indeed.com/jobs?q=devops&l=Dublin&start=10&vjk=e4ae4974e5925dfb
Java DevOps Engineer, Test Triangle Pvt Ltd , https://ie.indeed.com/jobs?q=devops&l=Dublin&start=10&vjk=07780048e2bcd0ea
Linux Devops Engineer, AWS EMEA SARL Irish Branch , https://ie.indeed.com/jobs?q=devops&l=Dublin&start=10&vjk=44fce1d6a5f5e52c
DevOps Systems Engineer, Fidelity Investments , https://ie.indeed.com/jobs?q=devops&l=Dublin&start=10&vjk=ca9bfc76076f171e
Devops Engineer, LetsGetChecked , https://ie.indeed.com/jobs?q=devops&l=Dublin&start=10&vjk=43fe3e810b0b1f3e
Systems  DevOps Engineer, Risk Solutions , https://ie.indeed.com/jobs?q=devops&l=Dublin&start=10&vjk=b23d5bdf35d5fb71
Windows Devops Engineer, AWS EMEA SARL Irish Branch , https://ie.indeed.com/jobs?q=devops&l=Dublin&start=10&vjk=e8a825ba1ea2ab44
Cloud DevOps Engineer, Informatica , https://ie.indeed.com/jobs?q=devops&l=Dublin&start=10&vjk=b391cdc022824535
Operations Engineer, Fenergo , https://ie.indeed.com/jobs?q=devops&l=Dublin&start=10&vjk=4af25bce9eff8fdc
Digital DevOps Engineer, Aer Lingus Group plc , https://ie.indeed.com/jobs?q=devops&l=Dublin&start=10&vjk=288922ddee02b5d0
DevOps Engineer  Linux, The Engage Hub , https://ie.indeed.com/jobs?q=devops&l=Dublin&start=20&vjk=d1d095c7ff3233b2
DevOps Engineer AWS, Amach Software , https://ie.indeed.com/jobs?q=devops&l=Dublin&start=20&vjk=343d0b8437d97303
DevOps Engineer, Cloudbeds , https://ie.indeed.com/jobs?q=devops&l=Dublin&start=20&vjk=8cfe79afb5c79a24
Full Stack Engineer, Sylon , https://ie.indeed.com/jobs?q=devops&l=Dublin&start=20&vjk=55d916b7d52e0505
Junior Software Engineer DevOps  Kubernetes Dublin Irela, Jetcom , https://ie.indeed.com/jobs?q=devops&l=Dublin&start=20&vjk=d890344b042d94f0
Junior Software Engineer  DevOps  Observability  Dublin, Jetcom , https://ie.indeed.com/jobs?q=devops&l=Dublin&start=20&vjk=298b42d28dd2a86d
Junior Software Engineer DevOps Kafka  Dublin Ireland, Jetcom , https://ie.indeed.com/jobs?q=devops&l=Dublin&start=20&vjk=e255212aa30e33e2
Sr DevOps Engineer OMS Service Deployment, Workday , https://ie.indeed.com/jobs?q=devops&l=Dublin&start=20&vjk=a48df57fc578a2b2
DevOps Engineer  Automation, FINEOS Corporation , https://ie.indeed.com/jobs?q=devops&l=Dublin&start=20&vjk=04168f023eb4fc63
DevOps  Production Support Engineer NET, BearingPoint Ireland , https://ie.indeed.com/jobs?q=devops&l=Dublin&start=20&vjk=e05f03ce09eb23fd
DevOps Cloud Support Engineer  AWS coming to Egypt to hire, Amazoncom , https://ie.indeed.com/jobs?q=devops&l=Dublin&start=30&vjk=d3fd7ebbe4389a4e
Full Stack Engineer, Shipyard Technology Ventures , https://ie.indeed.com/jobs?q=devops&l=Dublin&start=30&vjk=8df3ae62657df7a1
DevOps Cloud Support Engineer  AWS coming to Egypt to hire, AWS EMEA SARL Irish Branch , https://ie.indeed.com/jobs?q=devops&l=Dublin&start=30&vjk=2a79212bbf17469f
QA Engineer, RentalMatics , https://ie.indeed.com/jobs?q=devops&l=Dublin&start=30&vjk=495b3ed1c3490bfe
Build and Release Engineer, Zartis , https://ie.indeed.com/jobs?q=devops&l=Dublin&start=30&vjk=21d0fa2fa9a06157
Performance Engineer, Amach Software , https://ie.indeed.com/jobs?q=devops&l=Dublin&start=30&vjk=3ce6c6b2f575c6b5
Operations Engineer, Travelport , https://ie.indeed.com/jobs?q=devops&l=Dublin&start=30&vjk=e2cbeef7cc022f76
Full Stack Engineer, RentalMatics , https://ie.indeed.com/jobs?q=devops&l=Dublin&start=30&vjk=ac5184a0d1cb243a
Sr Software Development Engineer  WCP DevOpsSRE EMEA, Workday , https://ie.indeed.com/jobs?q=devops&l=Dublin&start=30&vjk=ff6eac0b6c6c93ff
Software Engineer DevOps  Dublin Ireland, Jet  The Walmart eCommerce Family of Brands , https://ie.indeed.com/jobs?q=devops&l=Dublin&start=30&vjk=f67166d1a19b8cd6
Game Server Engineer, DIGIT Game Studios , https://ie.indeed.com/jobs?q=devops&l=Dublin&start=40&vjk=bdb4d3bbcf2d8cbf
Junior Software Engineer DevOps Kafka  Dublin Ireland, Jet  The Walmart eCommerce Family of Brands , https://ie.indeed.com/jobs?q=devops&l=Dublin&start=40&vjk=f8e01e646352945c
Junior Software Engineer  DevOps  Observability  Dublin, Jet  The Walmart eCommerce Family of Brands , https://ie.indeed.com/jobs?q=devops&l=Dublin&start=40&vjk=70fd317385d0ce1d
Solution Architect, New Relic , https://ie.indeed.com/jobs?q=devops&l=Dublin&start=40&vjk=ac6788d9b4603e8d
Systems Administrator Network Engineer, Pivotal Software , https://ie.indeed.com/jobs?q=devops&l=Dublin&start=40&vjk=fb1025b8034e7284
Release Engineer, FBD Holdings plc , https://ie.indeed.com/jobs?q=devops&l=Dublin&start=40&vjk=d229fcb986871de3
Graduate Cloud Operations Engineer, FINEOS Corporation , https://ie.indeed.com/jobs?q=devops&l=Dublin&start=40&vjk=fe15cf4e7fb30583
DevOps Engineer  Operations, Eolas Recruitment , https://ie.indeed.com/jobs?q=devops&l=Dublin&start=40&vjk=6eaa939be537430c
Software Development Engineer, Amazoncom , https://ie.indeed.com/jobs?q=devops&l=Dublin&start=40&vjk=67649c6fd03706c5
Inventory Specialist, New Relic , https://ie.indeed.com/jobs?q=devops&l=Dublin&start=40&vjk=6bcc2b3615d11939
Senior Cloud DevOps Engineer, Informatica , https://ie.indeed.com/jobs?q=devops&l=Dublin&start=50&vjk=ec94027ca2bab1bc
DevOps Engineer  Dublin City Centre, Sigmar Recruitment , https://ie.indeed.com/jobs?q=devops&l=Dublin&start=50&vjk=64d9ba0b4e0934cb
DevOps Engineer  Operations, Eolas Recruitment , https://ie.indeed.com/jobs?q=devops&l=Dublin&start=50&vjk=6eaa939be537430c
Software Engineer, Zendesk , https://ie.indeed.com/jobs?q=devops&l=Dublin&start=50&vjk=571ae6e58d19b1bb
Senior DevOps Engineer, UnitedHealth Group , https://ie.indeed.com/jobs?q=devops&l=Dublin&start=50&vjk=164ea8cb66e93447
Client Productivity Engineer Virtualization, Bentley Systems , https://ie.indeed.com/jobs?q=devops&l=Dublin&start=50&vjk=c1e6d836ee8c9849
CloudDevOps Solutions Architect Senior  Dublin City Cent, IT Search , https://ie.indeed.com/jobs?q=devops&l=Dublin&start=50&vjk=5c76316a0372c507
DevOps Engineer  Voted One of 2018s companies to watch, Recruiters , https://ie.indeed.com/jobs?q=devops&l=Dublin&start=50&vjk=bbe3bd1c398510c5
Support Engineer 12 month contract  Job code S005, Ammeon , https://ie.indeed.com/jobs?q=devops&l=Dublin&start=50&vjk=225d55c04e215e1d
Site Reliability Engineer, Oracle , https://ie.indeed.com/jobs?q=devops&l=Dublin&start=50&vjk=3c41abff88b68f7a
Senior Devops Engineer, Globoforce Limited , https://ie.indeed.com/jobs?q=devops&l=Dublin&start=60&vjk=85fce58c91c5f575
DevOps Engineer  North Dublin, Reperio Human Capital , https://ie.indeed.com/jobs?q=devops&l=Dublin&start=60&vjk=132426fd7dffba3f
ReleaseDevOps Engineer, Reperio Human Capital , https://ie.indeed.com/jobs?q=devops&l=Dublin&start=60&vjk=b51c6d696246053d
UI Engineer, Globoforce Limited , https://ie.indeed.com/jobs?q=devops&l=Dublin&start=60&vjk=41d8f5f1127d4eae
DevOps MidLevel Software Engineer Ruby, Topfloor Systems , https://ie.indeed.com/jobs?q=devops&l=Dublin&start=60&vjk=091ea935f2fd2340
Build Engineer, Activision , https://ie.indeed.com/jobs?q=devops&l=Dublin&start=60&vjk=1f6d7ca7c4ff0f54
Build Engineer, DemonWare , https://ie.indeed.com/jobs?q=devops&l=Dublin&start=60&vjk=ed98689f590ab807
Senior Java Orchestration Engineer, NuoDB , https://ie.indeed.com/jobs?q=devops&l=Dublin&start=60&vjk=0c9ed82c09003bd5
Senior Systems Engineer DevOps, Intercom , https://ie.indeed.com/jobs?q=devops&l=Dublin&start=60&vjk=bb2d9af393bc508e
Application Engineer, Paddy Power Betfair , https://ie.indeed.com/jobs?q=devops&l=Dublin&start=60&vjk=178497e2bb1551d7
Senior Systems Engineer DevOps, Intercom , https://ie.indeed.com/jobs?q=devops&l=Dublin&start=70&vjk=bb2d9af393bc508e
Senior Java Orchestration Engineer, NuoDB , https://ie.indeed.com/jobs?q=devops&l=Dublin&start=70&vjk=0c9ed82c09003bd5
Application Engineer, Paddy Power Betfair , https://ie.indeed.com/jobs?q=devops&l=Dublin&start=70&vjk=178497e2bb1551d7
DevOps Agent, Accenture , https://ie.indeed.com/jobs?q=devops&l=Dublin&start=70&vjk=5dbc4fc21b8554ca
BuildDevOps Engineer  Dublin CC, Reperio Human Capital , https://ie.indeed.com/jobs?q=devops&l=Dublin&start=70&vjk=18b6568b63bf6011
DevOps Engineer  Contract Limerick, Reperio Human Capital , https://ie.indeed.com/jobs?q=devops&l=Dublin&start=70&vjk=4ec892a0300388b8
Net DevOps Engineer, Eolas Recruitment , https://ie.indeed.com/jobs?q=devops&l=Dublin&start=70&vjk=10ff61b9c6bf2c3b
Flashblade Support Engineer NASS3, Pure Storage , https://ie.indeed.com/jobs?q=devops&l=Dublin&start=70&vjk=101b5638766b3eb9
Java Engineer, Credit Suisse , https://ie.indeed.com/jobs?q=devops&l=Dublin&start=70&vjk=94d7d861e35e7f0d
JavaScript Software Engineer, Accenture , https://ie.indeed.com/jobs?q=devops&l=Dublin&start=70&vjk=e502d03282a724d2
BuildDevOps Engineer  Dublin CC, Reperio Human Capital , https://ie.indeed.com/jobs?q=devops&l=Dublin&start=80&vjk=18b6568b63bf6011
DevOps Engineer  Contract Limerick, Reperio Human Capital , https://ie.indeed.com/jobs?q=devops&l=Dublin&start=80&vjk=4ec892a0300388b8
AWS DevOps Engineer  North Dublin, Reperio Human Capital , https://ie.indeed.com/jobs?q=devops&l=Dublin&start=80&vjk=88d4cddb8cb5f4ad
Net DevOps Engineer, Eolas Recruitment , https://ie.indeed.com/jobs?q=devops&l=Dublin&start=80&vjk=10ff61b9c6bf2c3b
iOS Engineer, ViaSat , https://ie.indeed.com/jobs?q=devops&l=Dublin&start=80&vjk=2282d5bf23312ac0
DevOps Engineer  Contract, Vantage Resources Ltd , https://ie.indeed.com/jobs?q=devops&l=Dublin&start=80&vjk=e20a9b84f9155da7
DevOps Engineer i, Gempool , https://ie.indeed.com/jobs?q=devops&l=Dublin&start=80&vjk=ea4c4c70194343bb
DevOps Engineer Watson Media  Weather IBM Dublin, IBM , https://ie.indeed.com/jobs?q=devops&l=Dublin&start=80&vjk=45c8da5f25177619
BuildReleaseDevOps Engineer, Eolas Recruitment , https://ie.indeed.com/jobs?q=devops&l=Dublin&start=80&vjk=d66cabebf9735035
Fullstack Software Engineer, SoapBox Labs , https://ie.indeed.com/jobs?q=devops&l=Dublin&start=80&vjk=df790c252edbb014
DevOps Engineer IF, Gempool , https://ie.indeed.com/jobs?q=devops&l=Dublin&start=90&vjk=0a92f635c10673bf
Solution Architect, New Relic , https://ie.indeed.com/jobs?q=devops&l=Dublin&start=90&vjk=ac6788d9b4603e8d
Docker Container Specialist  DevOps, Reperio Human Capital , https://ie.indeed.com/jobs?q=devops&l=Dublin&start=90&vjk=973e37b3c11a9139
The Dock  Senior DevOps Engineer, Accenture , https://ie.indeed.com/jobs?q=devops&l=Dublin&start=90&vjk=8da47764b3baa4c8
Director Product ManagementTechnical, MasterCard , https://ie.indeed.com/jobs?q=devops&l=Dublin&start=90&vjk=d59d00ff16613be3
DevOps  Docker Specialist, Reperio Human Capital , https://ie.indeed.com/jobs?q=devops&l=Dublin&start=90&vjk=c2706cdf91af62ef
DevOps  Release Engineer NET, BearingPoint Ireland , https://ie.indeed.com/jobs?q=devops&l=Dublin&start=90&vjk=5c4f3995d142566b
Sales Development Representative  Nordics, New Relic , https://ie.indeed.com/jobs?q=devops&l=Dublin&start=90&vjk=2de31373c4ea7b96
DevOps Engineer T, Gempool , https://ie.indeed.com/jobs?q=devops&l=Dublin&start=90&vjk=aa40a734e1076be8
Senior DevOps Engineer new team, GKR Search and Selection , https://ie.indeed.com/jobs?q=devops&l=Dublin&start=90&vjk=c9f239b74df64240
