Software Development Intern, Oath Inc , https://ie.indeed.com/jobs?q=ai+software+engineer&l=Dublin&start=0&vjk=6176ca5964e0f0c0
Graduate Software Engineer  Movidius, Intel , https://ie.indeed.com/jobs?q=ai+software+engineer&l=Dublin&start=0&vjk=df775a1f36d947cb
Junior Embedded Software Engineer, Intel , https://ie.indeed.com/jobs?q=ai+software+engineer&l=Dublin&start=0&vjk=392f4c54e027547d
AI Software Engineer, Accenture , https://ie.indeed.com/jobs?q=ai+software+engineer&l=Dublin&start=0&vjk=fb8422d96ee4718d
Product Applications Engineer  Xilinx Software Defined Tool, Xilinx , https://ie.indeed.com/jobs?q=ai+software+engineer&l=Dublin&start=0&vjk=5a8fafa31f4b4ff1
VPU Software Engineer, Intel , https://ie.indeed.com/jobs?q=ai+software+engineer&l=Dublin&start=0&vjk=3a903ceea1a75e01
Embedded Software Engineer, Intel , https://ie.indeed.com/jobs?q=ai+software+engineer&l=Dublin&start=0&vjk=3871316fc536906b
Real Time Operating System RTOS Software Engineer, Intel , https://ie.indeed.com/jobs?q=ai+software+engineer&l=Dublin&start=0&vjk=bb311e61705e60f7
Machine Learning and Knowledge Extraction Expert, Nuritas , https://ie.indeed.com/jobs?q=ai+software+engineer&l=Dublin&start=0&vjk=db2447ba99bc720f
Software Engineer Java, Boxever , https://ie.indeed.com/jobs?q=ai+software+engineer&l=Dublin&start=0&vjk=62cb747b914e1813
Senior Software Engineer, Microsoft , https://ie.indeed.com/jobs?q=ai+software+engineer&l=Dublin&start=10&vjk=7227893e08f664e9
Artificial Intelligence Engineer Digital Pathology Imaging, Deciphex Ltd , https://ie.indeed.com/jobs?q=ai+software+engineer&l=Dublin&start=10&vjk=6d56f6b896dd5445
Machine Learning Engineer, Xilinx , https://ie.indeed.com/jobs?q=ai+software+engineer&l=Dublin&start=10&vjk=e245228a87c1ac18
Bioinformatician, Genomics Medicine Ireland , https://ie.indeed.com/jobs?q=ai+software+engineer&l=Dublin&start=10&vjk=9fef6b8acb22b782
Research Analyst, Artomatix , https://ie.indeed.com/jobs?q=ai+software+engineer&l=Dublin&start=10&vjk=7abe23f8c2e1ac72
Emerging Tech Senior Software Engineer, Fidelity Investments , https://ie.indeed.com/jobs?q=ai+software+engineer&l=Dublin&start=10&vjk=c017e1254eeefffa
Senior Java JavaScript developers remote job, Alto Analytics SL , https://ie.indeed.com/jobs?q=ai+software+engineer&l=Dublin&start=10&vjk=72e280c2a9eb0725
Senior Software Engineer, Gerson Lehrman Group , https://ie.indeed.com/jobs?q=ai+software+engineer&l=Dublin&start=10&vjk=6328da41df5adfc4
Data Engineer, UL LLC , https://ie.indeed.com/jobs?q=ai+software+engineer&l=Dublin&start=10&vjk=2e33f840d2fc9c0f
Flashblade Support Engineer NASS3, Pure Storage , https://ie.indeed.com/jobs?q=ai+software+engineer&l=Dublin&start=10&vjk=101b5638766b3eb9
Junior Embedded Engineer  Drivers Team, Intel , https://ie.indeed.com/jobs?q=ai+software+engineer&l=Dublin&start=20&vjk=39bebacf39df4d27
Senior Data Engineer Scala, Boxever , https://ie.indeed.com/jobs?q=ai+software+engineer&l=Dublin&start=20&vjk=4870e4d67d95cf8d
Innovation Service IS Workshop Designer, Accenture , https://ie.indeed.com/jobs?q=ai+software+engineer&l=Dublin&start=20&vjk=732bcaa9732e3ea8
AI Senior Software Engineer, Accenture , https://ie.indeed.com/jobs?q=ai+software+engineer&l=Dublin&start=20&vjk=c5b0338ced621515
Solution Consultant  Telecoms, Recruiters , https://ie.indeed.com/jobs?q=ai+software+engineer&l=Dublin&start=20&vjk=b1323b7c478d8219
Principal Software Engineer, Gerson Lehrman Group , https://ie.indeed.com/jobs?q=ai+software+engineer&l=Dublin&start=20&vjk=d7244a166cdd67d9
Poker AI Research Engineer, The Stars Group , https://ie.indeed.com/jobs?q=ai+software+engineer&l=Dublin&start=20&vjk=5052e3077bb0b815
Deep Learning RTOS Engineer, Intel , https://ie.indeed.com/jobs?q=ai+software+engineer&l=Dublin&start=20&vjk=3fa21414b1ed4369
Tech Lead, AYLIEN , https://ie.indeed.com/jobs?q=ai+software+engineer&l=Dublin&start=20&vjk=b46d38b8350071a6
Senior Compiler Engineer, Intel , https://ie.indeed.com/jobs?q=ai+software+engineer&l=Dublin&start=20&vjk=bec31358f49458e5
Storage Support Engineer I, Pure Storage , https://ie.indeed.com/jobs?q=ai+software+engineer&l=Dublin&start=30&vjk=60f3e52220e92a04
Deep Learning Verification Engineer, Intel , https://ie.indeed.com/jobs?q=ai+software+engineer&l=Dublin&start=30&vjk=e200c0e3d7b79ed5
Computer Architect Performance and Architecture Modelling, Xilinx , https://ie.indeed.com/jobs?q=ai+software+engineer&l=Dublin&start=30&vjk=e5df4b241917bd9e
Senior Embedded SWHW Engineer, Intel , https://ie.indeed.com/jobs?q=ai+software+engineer&l=Dublin&start=30&vjk=e0ba477e6b34ad28
The Dock  Technology Architect Manager, Accenture , https://ie.indeed.com/jobs?q=ai+software+engineer&l=Dublin&start=30&vjk=3eba03fcb2d2a1ff
Data Engineer, Boxever , https://ie.indeed.com/jobs?q=ai+software+engineer&l=Dublin&start=30&vjk=7f204a82cb3479bd
Embedded Software Engineer, WG Reach , https://ie.indeed.com/jobs?q=ai+software+engineer&l=Dublin&start=30&vjk=c7f41b8dc48a0b5d
Senior Principal Software Engineer  Big Data and Data Scien, Veritas Technologies , https://ie.indeed.com/jobs?q=ai+software+engineer&l=Dublin&start=30&vjk=139e6ba02f3b44f7
Site Reliability Engineer, AYLIEN , https://ie.indeed.com/jobs?q=ai+software+engineer&l=Dublin&start=30&vjk=e4be9a2b5b61d620
Senior Principal Engineer, UnitedHealth Group , https://ie.indeed.com/jobs?q=ai+software+engineer&l=Dublin&start=30&vjk=ea4c141363e5a146
Senior Embedded Systems Engineer, Intel , https://ie.indeed.com/jobs?q=ai+software+engineer&l=Dublin&start=40&vjk=05385946e9e9f350
Storage Support Engineer  Dublin German Speaking Preferred, Pure Storage , https://ie.indeed.com/jobs?q=ai+software+engineer&l=Dublin&start=40&vjk=fa6d29ab22681439
Marketing Technology  Operations Exec, VisibleThread , https://ie.indeed.com/jobs?q=ai+software+engineer&l=Dublin&start=40&vjk=18de1b4e1d5c75e8
The Dock  NLP  Analytics Principal, Accenture , https://ie.indeed.com/jobs?q=ai+software+engineer&l=Dublin&start=40&vjk=51e77a83c1c1ddf6
The Dock  Back End Technical Lead, Accenture , https://ie.indeed.com/jobs?q=ai+software+engineer&l=Dublin&start=40&vjk=94e52f0a748ff438
Senior DevOps Engineer  Job Code S002, Ammeon , https://ie.indeed.com/jobs?q=ai+software+engineer&l=Dublin&start=40&vjk=be46011711f01768
Tech Lead, Reperio Human Capital , https://ie.indeed.com/jobs?q=ai+software+engineer&l=Dublin&start=40&vjk=645fd6416603e637
Product Owner, Reperio Human Capital , https://ie.indeed.com/jobs?q=ai+software+engineer&l=Dublin&start=40&vjk=5207c2c797cbace1
Senior Backend Engineer Python Ruby Go, Reperio Human Capital , https://ie.indeed.com/jobs?q=ai+software+engineer&l=Dublin&start=40&vjk=0d7962f013c7e33f
The Dock  Senior Analytics  AI Executive, Accenture , https://ie.indeed.com/jobs?q=ai+software+engineer&l=Dublin&start=40&vjk=56e9e683808a9213
Senior DevOps Engineer, UnitedHealth Group , https://ie.indeed.com/jobs?q=ai+software+engineer&l=Dublin&start=50&vjk=164ea8cb66e93447
Product UX Designer, Brightflag , https://ie.indeed.com/jobs?q=ai+software+engineer&l=Dublin&start=50&vjk=d33ec38b68f92223
Data Science Senior Manager, Accenture , https://ie.indeed.com/jobs?q=ai+software+engineer&l=Dublin&start=50&vjk=f8a951f2e5d4434e
The Dock  Senior Back End Technical Lead, Accenture , https://ie.indeed.com/jobs?q=ai+software+engineer&l=Dublin&start=50&vjk=4987ab397068420b
The Dock  Back End Technical Lead, Accenture , https://ie.indeed.com/jobs?q=ai+software+engineer&l=Dublin&start=60&vjk=94e52f0a748ff438
Senior DevOps Engineer  Job Code S002, Ammeon , https://ie.indeed.com/jobs?q=ai+software+engineer&l=Dublin&start=60&vjk=be46011711f01768
Tech Lead, Reperio Human Capital , https://ie.indeed.com/jobs?q=ai+software+engineer&l=Dublin&start=60&vjk=645fd6416603e637
Product Owner, Reperio Human Capital , https://ie.indeed.com/jobs?q=ai+software+engineer&l=Dublin&start=60&vjk=5207c2c797cbace1
Senior Backend Engineer Python Ruby Go, Reperio Human Capital , https://ie.indeed.com/jobs?q=ai+software+engineer&l=Dublin&start=60&vjk=0d7962f013c7e33f
The Dock  Senior Analytics  AI Executive, Accenture , https://ie.indeed.com/jobs?q=ai+software+engineer&l=Dublin&start=60&vjk=56e9e683808a9213
Senior DevOps Engineer, UnitedHealth Group , https://ie.indeed.com/jobs?q=ai+software+engineer&l=Dublin&start=60&vjk=164ea8cb66e93447
Product UX Designer, Brightflag , https://ie.indeed.com/jobs?q=ai+software+engineer&l=Dublin&start=60&vjk=d33ec38b68f92223
Data Science Senior Manager, Accenture , https://ie.indeed.com/jobs?q=ai+software+engineer&l=Dublin&start=60&vjk=f8a951f2e5d4434e
The Dock  Senior Back End Technical Lead, Accenture , https://ie.indeed.com/jobs?q=ai+software+engineer&l=Dublin&start=60&vjk=4987ab397068420b
The Dock  Back End Technical Lead, Accenture , https://ie.indeed.com/jobs?q=ai+software+engineer&l=Dublin&start=70&vjk=94e52f0a748ff438
Tech Lead, Reperio Human Capital , https://ie.indeed.com/jobs?q=ai+software+engineer&l=Dublin&start=70&vjk=645fd6416603e637
Senior DevOps Engineer  Job Code S002, Ammeon , https://ie.indeed.com/jobs?q=ai+software+engineer&l=Dublin&start=70&vjk=be46011711f01768
Product Owner, Reperio Human Capital , https://ie.indeed.com/jobs?q=ai+software+engineer&l=Dublin&start=70&vjk=5207c2c797cbace1
Senior Backend Engineer Python Ruby Go, Reperio Human Capital , https://ie.indeed.com/jobs?q=ai+software+engineer&l=Dublin&start=70&vjk=0d7962f013c7e33f
The Dock  Senior Analytics  AI Executive, Accenture , https://ie.indeed.com/jobs?q=ai+software+engineer&l=Dublin&start=70&vjk=56e9e683808a9213
Senior DevOps Engineer, UnitedHealth Group , https://ie.indeed.com/jobs?q=ai+software+engineer&l=Dublin&start=70&vjk=164ea8cb66e93447
Product UX Designer, Brightflag , https://ie.indeed.com/jobs?q=ai+software+engineer&l=Dublin&start=70&vjk=d33ec38b68f92223
Data Science Senior Manager, Accenture , https://ie.indeed.com/jobs?q=ai+software+engineer&l=Dublin&start=70&vjk=f8a951f2e5d4434e
The Dock  Senior Back End Technical Lead, Accenture , https://ie.indeed.com/jobs?q=ai+software+engineer&l=Dublin&start=70&vjk=4987ab397068420b
The Dock  Back End Technical Lead, Accenture , https://ie.indeed.com/jobs?q=ai+software+engineer&l=Dublin&start=80&vjk=94e52f0a748ff438
Tech Lead, Reperio Human Capital , https://ie.indeed.com/jobs?q=ai+software+engineer&l=Dublin&start=80&vjk=645fd6416603e637
Senior DevOps Engineer  Job Code S002, Ammeon , https://ie.indeed.com/jobs?q=ai+software+engineer&l=Dublin&start=80&vjk=be46011711f01768
Product Owner, Reperio Human Capital , https://ie.indeed.com/jobs?q=ai+software+engineer&l=Dublin&start=80&vjk=5207c2c797cbace1
Senior Backend Engineer Python Ruby Go, Reperio Human Capital , https://ie.indeed.com/jobs?q=ai+software+engineer&l=Dublin&start=80&vjk=0d7962f013c7e33f
The Dock  Senior Analytics  AI Executive, Accenture , https://ie.indeed.com/jobs?q=ai+software+engineer&l=Dublin&start=80&vjk=56e9e683808a9213
Senior DevOps Engineer, UnitedHealth Group , https://ie.indeed.com/jobs?q=ai+software+engineer&l=Dublin&start=80&vjk=164ea8cb66e93447
Product UX Designer, Brightflag , https://ie.indeed.com/jobs?q=ai+software+engineer&l=Dublin&start=80&vjk=d33ec38b68f92223
Data Science Senior Manager, Accenture , https://ie.indeed.com/jobs?q=ai+software+engineer&l=Dublin&start=80&vjk=f8a951f2e5d4434e
The Dock  Senior Back End Technical Lead, Accenture , https://ie.indeed.com/jobs?q=ai+software+engineer&l=Dublin&start=80&vjk=4987ab397068420b
The Dock  Back End Technical Lead, Accenture , https://ie.indeed.com/jobs?q=ai+software+engineer&l=Dublin&start=90&vjk=94e52f0a748ff438
Tech Lead, Reperio Human Capital , https://ie.indeed.com/jobs?q=ai+software+engineer&l=Dublin&start=90&vjk=645fd6416603e637
Senior DevOps Engineer  Job Code S002, Ammeon , https://ie.indeed.com/jobs?q=ai+software+engineer&l=Dublin&start=90&vjk=be46011711f01768
Product Owner, Reperio Human Capital , https://ie.indeed.com/jobs?q=ai+software+engineer&l=Dublin&start=90&vjk=5207c2c797cbace1
Senior Backend Engineer Python Ruby Go, Reperio Human Capital , https://ie.indeed.com/jobs?q=ai+software+engineer&l=Dublin&start=90&vjk=0d7962f013c7e33f
The Dock  Senior Analytics  AI Executive, Accenture , https://ie.indeed.com/jobs?q=ai+software+engineer&l=Dublin&start=90&vjk=56e9e683808a9213
Senior DevOps Engineer, UnitedHealth Group , https://ie.indeed.com/jobs?q=ai+software+engineer&l=Dublin&start=90&vjk=164ea8cb66e93447
Product UX Designer, Brightflag , https://ie.indeed.com/jobs?q=ai+software+engineer&l=Dublin&start=90&vjk=d33ec38b68f92223
Data Science Senior Manager, Accenture , https://ie.indeed.com/jobs?q=ai+software+engineer&l=Dublin&start=90&vjk=f8a951f2e5d4434e
The Dock  Senior Back End Technical Lead, Accenture , https://ie.indeed.com/jobs?q=ai+software+engineer&l=Dublin&start=90&vjk=4987ab397068420b
