C NET Developer, Software Design , https://ie.indeed.com/jobs?q=.net+developer&l=Dublin&start=0&vjk=f3f60ec3c252873a
Software Engineer C, Greenfinch Technology , https://ie.indeed.com/jobs?q=.net+developer&l=Dublin&start=0&vjk=9792f643aa91c9f6
Net Developer, 123 Money , https://ie.indeed.com/jobs?q=.net+developer&l=Dublin&start=0&vjk=3c911ccacb7e79db
C  Net Developer  Dublin, Prospect 33 , https://ie.indeed.com/jobs?q=.net+developer&l=Dublin&start=0&vjk=aea8d3a65b717b4a
NET C Software Developer, Swappsi Software , https://ie.indeed.com/jobs?q=.net+developer&l=Dublin&start=0&vjk=c14632238724af9d
NET Developer Dublin, Amaris , https://ie.indeed.com/jobs?q=.net+developer&l=Dublin&start=0&vjk=0ab593dabb50ed9e
NET Developer C SQL Javascript HTML CSS Multithreadi, Ampers  Consulting , https://ie.indeed.com/jobs?q=.net+developer&l=Dublin&start=0&vjk=931b9a311277d2ce
C Developer, Klir , https://ie.indeed.com/jobs?q=.net+developer&l=Dublin&start=0&vjk=5d6c2ae67f608df6
NET Software Developers, Exaxe , https://ie.indeed.com/jobs?q=.net+developer&l=Dublin&start=0&vjk=a20da4612db7d7fc
Junior NET Software Developer, BearingPoint UK , https://ie.indeed.com/jobs?q=.net+developer&l=Dublin&start=0&vjk=bcc8bc811e930739
Sr NET Developer, Propylon , https://ie.indeed.com/jobs?q=.net+developer&l=Dublin&start=10&vjk=541bcb54b5139584
Software Developer, Eurofins , https://ie.indeed.com/jobs?q=.net+developer&l=Dublin&start=10&vjk=2e0311b1fc53e557
Net Developer, Ergo , https://ie.indeed.com/jobs?q=.net+developer&l=Dublin&start=10&vjk=5b25cd7e14e9421c
Net Developer  Public Sector, Ergo , https://ie.indeed.com/jobs?q=.net+developer&l=Dublin&start=10&vjk=a35d410153c02016
Software Developer, Verisk Insurance Solutions  Services , https://ie.indeed.com/jobs?q=.net+developer&l=Dublin&start=10&vjk=baf2a1e6168ec274
C  VB Developer x2, Elm Solutions , https://ie.indeed.com/jobs?q=.net+developer&l=Dublin&start=10&vjk=57d484efc4960de7
NET Developer, Avanade , https://ie.indeed.com/jobs?q=.net+developer&l=Dublin&start=10&vjk=acda954bad565afb
Software Developer, Software Design , https://ie.indeed.com/jobs?q=.net+developer&l=Dublin&start=10&vjk=2347a1ee262c68a9
Software Developer, Verisk  Insurance solutions , https://ie.indeed.com/jobs?q=.net+developer&l=Dublin&start=10&vjk=c9aabbac122b7a99
Net Application Developer  Dublin, Citi , https://ie.indeed.com/jobs?q=.net+developer&l=Dublin&start=10&vjk=67ecc3641726a8c5
C FullStack Developer, PrePayPower , https://ie.indeed.com/jobs?q=.net+developer&l=Dublin&start=20&vjk=d545d5b781d39686
Microsoft NET Developer, Version 1 , https://ie.indeed.com/jobs?q=.net+developer&l=Dublin&start=20&vjk=7a64cf03eb853c23
Software Developer, eDuce Software , https://ie.indeed.com/jobs?q=.net+developer&l=Dublin&start=20&vjk=624c53406747234b
Software Engineer  NET, LetsGetChecked , https://ie.indeed.com/jobs?q=.net+developer&l=Dublin&start=20&vjk=4efa5bfe2db7cb57
C Net Desktop Developer  Dublin and Madrid Positions, Ryanair , https://ie.indeed.com/jobs?q=.net+developer&l=Dublin&start=20&vjk=7a94ea30cfe7fb61
Sr NET Developer, Propylon Ltd , https://ie.indeed.com/jobs?q=.net+developer&l=Dublin&start=20&vjk=870ca532d90cf7da
Software Engineer Net, Verizon , https://ie.indeed.com/jobs?q=.net+developer&l=Dublin&start=20&vjk=bd14fdd39065e90d
NET Developer, ChannelSight , https://ie.indeed.com/jobs?q=.net+developer&l=Dublin&start=20&vjk=d6979a0c1b7279b6
NET Developer, Granite Digital , https://ie.indeed.com/jobs?q=.net+developer&l=Dublin&start=20&vjk=00ab2a75af6e59c1
Dynamics CRM Developers, Elm Solutions , https://ie.indeed.com/jobs?q=.net+developer&l=Dublin&start=20&vjk=4ec9ff688891027b
Senior NET Developer, Flipdish , https://ie.indeed.com/jobs?q=.net+developer&l=Dublin&start=30&vjk=98003718a20c798f
RPA Developer, Avanade , https://ie.indeed.com/jobs?q=.net+developer&l=Dublin&start=30&vjk=339e00566f69c773
Software Developer, Eurofins , https://ie.indeed.com/jobs?q=.net+developer&l=Dublin&start=30&vjk=2e0311b1fc53e557
NET Backend Developer, Oneview Healthcare , https://ie.indeed.com/jobs?q=.net+developer&l=Dublin&start=30&vjk=58bfa445c44b8463
Sr NET Developer, Propylon , https://ie.indeed.com/jobs?q=.net+developer&l=Dublin&start=30&vjk=541bcb54b5139584
Production Support Engineer, eShopWorld , https://ie.indeed.com/jobs?q=.net+developer&l=Dublin&start=30&vjk=2e21abca02faf487
UI Developer, Bank of America , https://ie.indeed.com/jobs?q=.net+developer&l=Dublin&start=30&vjk=ac86f33e236a2ed2
Developer, Fenergo , https://ie.indeed.com/jobs?q=.net+developer&l=Dublin&start=30&vjk=8db6316baf980ef5
Sharepoint Developer, Ergo , https://ie.indeed.com/jobs?q=.net+developer&l=Dublin&start=30&vjk=59d4c7beeabb5095
Web Developer Support Engineer, Paypal , https://ie.indeed.com/jobs?q=.net+developer&l=Dublin&start=30&vjk=4a1c3d0157a419d6
NET Developer C SQL Javascript HTML CSS Multithreadi, Ampers  Consulting , https://ie.indeed.com/jobs?q=.net+developer&l=Dublin&start=40&vjk=931b9a311277d2ce
Software Developer, Software Design , https://ie.indeed.com/jobs?q=.net+developer&l=Dublin&start=40&vjk=2347a1ee262c68a9
Net developer Graduates Required  Permanent, Vantage Resources , https://ie.indeed.com/jobs?q=.net+developer&l=Dublin&start=40&vjk=d76bf4a903674b93
NET Contractor, GemPool , https://ie.indeed.com/jobs?q=.net+developer&l=Dublin&start=40&vjk=9d48bfdf1f717809
NET Developer, GemPool , https://ie.indeed.com/jobs?q=.net+developer&l=Dublin&start=40&vjk=f2817fe0e6bdc116
C NET Development Contract,  , https://ie.indeed.com/jobs?q=.net+developer&l=Dublin&start=40&vjk=af985d09fddf2e7d
Net Developer  Contract, Vantage Resources , https://ie.indeed.com/jobs?q=.net+developer&l=Dublin&start=40&vjk=1e972b6dd75fbb05
Process Automation Developer, UnitedHealth Group , https://ie.indeed.com/jobs?q=.net+developer&l=Dublin&start=40&vjk=488b8477d47a8949
Senior NET Developer, Fluke , https://ie.indeed.com/jobs?q=.net+developer&l=Dublin&start=40&vjk=612b70f8b7501b59
C Automation Developer, Outbound , https://ie.indeed.com/jobs?q=.net+developer&l=Dublin&start=40&vjk=af59c7739e558769
Erasmus Web Developer, Stay Planet , https://ie.indeed.com/jobs?q=.net+developer&l=Dublin&start=50&vjk=4d7bb4d043322e4d
Technical Lead, Eurofins , https://ie.indeed.com/jobs?q=.net+developer&l=Dublin&start=50&vjk=cfb49717e5152f57
SENIOR NET DEVELOPER, Progress Systems , https://ie.indeed.com/jobs?q=.net+developer&l=Dublin&start=50&vjk=e6dec02e0c8c081d
Senior NET Developer, Fluke , https://ie.indeed.com/jobs?q=.net+developer&l=Dublin&start=50&vjk=612b70f8b7501b59
Net Developer, Solas , https://ie.indeed.com/jobs?q=.net+developer&l=Dublin&start=50&vjk=17290d471a84e023
Net developer Graduates Required  Permanent, Vantage Resources Ltd , https://ie.indeed.com/jobs?q=.net+developer&l=Dublin&start=50&vjk=fee4e52d183f583f
Technical Analyst  Docker, NTT DATA Services , https://ie.indeed.com/jobs?q=.net+developer&l=Dublin&start=50&vjk=b46326267012c31b
Software Engineer  Cloud ES, Microsoft , https://ie.indeed.com/jobs?q=.net+developer&l=Dublin&start=50&vjk=6d4e05f7e584159d
Net  C Developer, Eolas Recruitment , https://ie.indeed.com/jobs?q=.net+developer&l=Dublin&start=50&vjk=fcc299fdfbbc5343
Full Stack Engineer, Datahug , https://ie.indeed.com/jobs?q=.net+developer&l=Dublin&start=50&vjk=877a8f4757129ab8
Software Developer, Dovetail Human Resource Solutions , https://ie.indeed.com/jobs?q=.net+developer&l=Dublin&start=60&vjk=b3408336eac599ce
NET Contractor, GemPool , https://ie.indeed.com/jobs?q=.net+developer&l=Dublin&start=60&vjk=9d48bfdf1f717809
Developer, Fenergo , https://ie.indeed.com/jobs?q=.net+developer&l=Dublin&start=60&vjk=8db6316baf980ef5
Net Developer, Sabeo Contracting Services Ltd , https://ie.indeed.com/jobs?q=.net+developer&l=Dublin&start=60&vjk=efa4b5a902c6c97e
Senior NET Developer, Flipdish , https://ie.indeed.com/jobs?q=.net+developer&l=Dublin&start=60&vjk=98003718a20c798f
NET Developer, GemPool , https://ie.indeed.com/jobs?q=.net+developer&l=Dublin&start=60&vjk=f2817fe0e6bdc116
Production Support Engineer, eShopWorld , https://ie.indeed.com/jobs?q=.net+developer&l=Dublin&start=60&vjk=2e21abca02faf487
NET Developer  Immediate Start, Berkley Recruitment Group , https://ie.indeed.com/jobs?q=.net+developer&l=Dublin&start=60&vjk=3c35ab2ba9ecadbf
Software Developer, Morgan McKinley , https://ie.indeed.com/jobs?q=.net+developer&l=Dublin&start=60&vjk=61ead71e7f1d785d
Net Developer  Permanent, Vantage Resources Ltd , https://ie.indeed.com/jobs?q=.net+developer&l=Dublin&start=60&vjk=663be59941a64e73
VBNet Developer  Permanent, Vantage Resources Ltd , https://ie.indeed.com/jobs?q=.net+developer&l=Dublin&start=70&vjk=832b634ef48300b1
Junior Net Software Developer, Morgan McKinley , https://ie.indeed.com/jobs?q=.net+developer&l=Dublin&start=70&vjk=3bc48d1117a9ba83
NET developer  Dublin  AI company, Oliver James Associates , https://ie.indeed.com/jobs?q=.net+developer&l=Dublin&start=70&vjk=47c9c86fd9be3a75
C Net Software Developer  Dublin CC, Reperio Human Capital , https://ie.indeed.com/jobs?q=.net+developer&l=Dublin&start=70&vjk=8d308339fa47ff42
C Developer Build software that will save lives, Recruiters , https://ie.indeed.com/jobs?q=.net+developer&l=Dublin&start=70&vjk=b75e3e772abdeb31
C Net Developer, Eolas Recruitment , https://ie.indeed.com/jobs?q=.net+developer&l=Dublin&start=70&vjk=c9986afe6eae4380
Software Engineer, Morgan McKinley , https://ie.indeed.com/jobs?q=.net+developer&l=Dublin&start=70&vjk=0b400ec1fe532a5e
C Developer, Allen Recruitment Consulting , https://ie.indeed.com/jobs?q=.net+developer&l=Dublin&start=70&vjk=1720ebf625544f1b
C Net Software Developer  Dublin, Reperio Human Capital , https://ie.indeed.com/jobs?q=.net+developer&l=Dublin&start=70&vjk=afb756065c7f72a4
Software Developer, Logiskills Group , https://ie.indeed.com/jobs?q=.net+developer&l=Dublin&start=70&vjk=c1e9fac91a56e1f5
Senior Net Developer, Ryanair , https://ie.indeed.com/jobs?q=.net+developer&l=Dublin&start=80&vjk=c6c3af9f82109367
MicroServices NET Core Developer, Archer , https://ie.indeed.com/jobs?q=.net+developer&l=Dublin&start=80&vjk=c8668767d38f2cf9
Full Stack Developer, SoftwareONE , https://ie.indeed.com/jobs?q=.net+developer&l=Dublin&start=80&vjk=f0adf5f22e312811
Solution Engineer Dutch Speaking, New Relic , https://ie.indeed.com/jobs?q=.net+developer&l=Dublin&start=80&vjk=b6cf2c482b334e64
ASP NET Developer, Osborne , https://ie.indeed.com/jobs?q=.net+developer&l=Dublin&start=80&vjk=d149d6e4295e50fc
Net Developer  Dublin, Berkley Recruitment Group , https://ie.indeed.com/jobs?q=.net+developer&l=Dublin&start=80&vjk=fc4a11b051ad6c20
NET Software Developer, Eolas Recruitment , https://ie.indeed.com/jobs?q=.net+developer&l=Dublin&start=80&vjk=b283c0d4d73581ad
Mid Level Net Software Developer, Morgan McKinley , https://ie.indeed.com/jobs?q=.net+developer&l=Dublin&start=80&vjk=63187fefe2484ddf
C Developer  Permanent, Eolas Recruitment , https://ie.indeed.com/jobs?q=.net+developer&l=Dublin&start=80&vjk=e8baacc00fb7f29b
Penetration Tester, Micro Focus , https://ie.indeed.com/jobs?q=.net+developer&l=Dublin&start=80&vjk=5625d099e8c1cc67
Penetration Tester, Micro Focus , https://ie.indeed.com/jobs?q=.net+developer&l=Dublin&start=90&vjk=5625d099e8c1cc67
NET Developers  Fast Growing Tech  North Dublin, Oliver James Associates , https://ie.indeed.com/jobs?q=.net+developer&l=Dublin&start=90&vjk=ee14b666542d85c9
NET Developer Medical Software, Recruiters , https://ie.indeed.com/jobs?q=.net+developer&l=Dublin&start=90&vjk=4c495ac289cb048c
Senior Web Developer  C NET, Fidelity Investments , https://ie.indeed.com/jobs?q=.net+developer&l=Dublin&start=90&vjk=1acee31a6fd99885
Mission Critical Support Technical Engineer, Salesforce , https://ie.indeed.com/jobs?q=.net+developer&l=Dublin&start=90&vjk=009435f4adaca3ff
Software Developer, Nigel Frank International Limited , https://ie.indeed.com/jobs?q=.net+developer&l=Dublin&start=90&vjk=8dcd794345acba18
Senior Software Developer  Cloud Foundry, Pivotal Software , https://ie.indeed.com/jobs?q=.net+developer&l=Dublin&start=90&vjk=db866bc0a0ab97c4
Software Developer C Net  Dublin, Reperio Human Capital , https://ie.indeed.com/jobs?q=.net+developer&l=Dublin&start=90&vjk=1855040533e10a4c
Technical Lead, Eurofins Ireland IT Solutions , https://ie.indeed.com/jobs?q=.net+developer&l=Dublin&start=90&vjk=5b4197a0cb4bd25a
C Net Developer  Full Stack, Eolas Recruitment , https://ie.indeed.com/jobs?q=.net+developer&l=Dublin&start=90&vjk=a9832665d8fa5530
