Junior NET Software Developer, BearingPoint UK , https://ie.indeed.com/jobs?q=junior+.net+developer&l=Dublin&start=0&vjk=bcc8bc811e930739
Junior Net Software Developer, Morgan McKinley , https://ie.indeed.com/jobs?q=junior+.net+developer&l=Dublin&start=0&vjk=3bc48d1117a9ba83
Sr NET Developer, Propylon Ltd , https://ie.indeed.com/jobs?q=junior+.net+developer&l=Dublin&start=0&vjk=870ca532d90cf7da
Microsoft NET Developer, Version 1 , https://ie.indeed.com/jobs?q=junior+.net+developer&l=Dublin&start=0&vjk=7a64cf03eb853c23
Junior Automation Developer with Global FinTech Organisation, Morgan McKinley , https://ie.indeed.com/jobs?q=junior+.net+developer&l=Dublin&start=0&vjk=af0ca14e328a828a
Junior Email Marketing CoOrdinator, Web Summit , https://ie.indeed.com/jobs?q=junior+.net+developer&l=Dublin&start=0&vjk=3cc5b8d7e7139a8b
Full stack engineer, Fluke , https://ie.indeed.com/jobs?q=junior+.net+developer&l=Dublin&start=0&vjk=50e10f7a378b06ba
Developer Emobility, Wipro LTD , https://ie.indeed.com/jobs?q=junior+.net+developer&l=Dublin&start=0&vjk=ea80f1f59efbb969
NET Developer, ChannelSight , https://ie.indeed.com/jobs?q=junior+.net+developer&l=Dublin&start=0&vjk=d6979a0c1b7279b6
Junior Developer  Dublin City Centre, Reperio Human Capital , https://ie.indeed.com/jobs?q=junior+.net+developer&l=Dublin&start=0&vjk=e880ac664bf1db92
Junior C Net Developer  Dublin City Centre, Reperio Human Capital , https://ie.indeed.com/jobs?q=junior+.net+developer&l=Dublin&start=10&vjk=167e9bd5b39d1607
Junior Developer Fast progression high growth environment, Recruiters , https://ie.indeed.com/jobs?q=junior+.net+developer&l=Dublin&start=10&vjk=8f692ca2e5f01027
Lead Technical Consultant, Fenergo , https://ie.indeed.com/jobs?q=junior+.net+developer&l=Dublin&start=10&vjk=d7a59a4da83244a1
Junior SharePoint Developer, Sigmar Recruitment , https://ie.indeed.com/jobs?q=junior+.net+developer&l=Dublin&start=10&vjk=783ae14c94146f93
Net Developers  Dublin City Centre, Reperio Human Capital , https://ie.indeed.com/jobs?q=junior+.net+developer&l=Dublin&start=10&vjk=1bd2e16f543fee67
Junior C Developer, Reperio Human Capital , https://ie.indeed.com/jobs?q=junior+.net+developer&l=Dublin&start=10&vjk=be9f8eb9fcffa61a
UI Developer Lead, UL , https://ie.indeed.com/jobs?q=junior+.net+developer&l=Dublin&start=10&vjk=155e060ac9a9fde5
Squad Lead, Verizon , https://ie.indeed.com/jobs?q=junior+.net+developer&l=Dublin&start=10&vjk=7eb367e7ccef2c1b
Software Engineer  Cloud ES, Microsoft , https://ie.indeed.com/jobs?q=junior+.net+developer&l=Dublin&start=10&vjk=6d4e05f7e584159d
MidLevel C Net Software Developer, Reperio Human Capital , https://ie.indeed.com/jobs?q=junior+.net+developer&l=Dublin&start=10&vjk=26169295b56ac52d
QA Automation Engineer, Gempool , https://ie.indeed.com/jobs?q=junior+.net+developer&l=Dublin&start=20&vjk=f6a97ddea074e1bd
C Net Developer  Dublin City Centre, Reperio Human Capital , https://ie.indeed.com/jobs?q=junior+.net+developer&l=Dublin&start=20&vjk=3cded20332b62442
Sr NET Developer, Propylon , https://ie.indeed.com/jobs?q=junior+.net+developer&l=Dublin&start=20&vjk=541bcb54b5139584
C Net SharePoint Developer  Central Dublin, Reperio Human Capital , https://ie.indeed.com/jobs?q=junior+.net+developer&l=Dublin&start=20&vjk=be0ab553e6070e5c
Software Engineer  C Net  FinTech, Reperio Human Capital , https://ie.indeed.com/jobs?q=junior+.net+developer&l=Dublin&start=20&vjk=7c4c087f932e6fe8
C Net Development TechTeam Lead  Dublin  SaaS, Reperio Human Capital , https://ie.indeed.com/jobs?q=junior+.net+developer&l=Dublin&start=20&vjk=ebb9d68ae074fc77
Senior NET Developer, Fluke , https://ie.indeed.com/jobs?q=junior+.net+developer&l=Dublin&start=20&vjk=612b70f8b7501b59
Senior Java Developer  Dublin, Citi , https://ie.indeed.com/jobs?q=junior+.net+developer&l=Dublin&start=20&vjk=5e883f14af1ed786
Senior NET Developer, Harvey Nash Ireland , https://ie.indeed.com/jobs?q=junior+.net+developer&l=Dublin&start=20&vjk=fc3374cba3a1f346
Senior NET Developer, realTime , https://ie.indeed.com/jobs?q=junior+.net+developer&l=Dublin&start=20&vjk=50e3cc2e224e45ef
Senior Engineer BizOps, MasterCard , https://ie.indeed.com/jobs?q=junior+.net+developer&l=Dublin&start=30&vjk=25f764726fe58159
Senior C Net Developer  Dublin CC  SaaS, Reperio Human Capital , https://ie.indeed.com/jobs?q=junior+.net+developer&l=Dublin&start=30&vjk=3d326f1cf797f532
Senior C Net Developer  Dublin Centre, Reperio Human Capital , https://ie.indeed.com/jobs?q=junior+.net+developer&l=Dublin&start=30&vjk=a4a4594b73f27307
Research Lead Senior Manager, Accenture , https://ie.indeed.com/jobs?q=junior+.net+developer&l=Dublin&start=30&vjk=f59c9390efd0e975
Senior C Net Developer Azure  South Dublin, Reperio Human Capital , https://ie.indeed.com/jobs?q=junior+.net+developer&l=Dublin&start=30&vjk=0307b2eb4cb8e22e
Senior MS Dynamics Developer  West Dublin, Reperio Human Capital , https://ie.indeed.com/jobs?q=junior+.net+developer&l=Dublin&start=30&vjk=eeafe1608c4fda00
Senior Developer, Experis UK  Ireland , https://ie.indeed.com/jobs?q=junior+.net+developer&l=Dublin&start=30&vjk=385d26c51292afd6
Senior NET Developer, Harvey Nash Ireland , https://ie.indeed.com/jobs?q=junior+.net+developer&l=Dublin&start=40&vjk=fc3374cba3a1f346
Senior Java Developer  Dublin, Citi , https://ie.indeed.com/jobs?q=junior+.net+developer&l=Dublin&start=40&vjk=5e883f14af1ed786
Senior NET Developer, realTime , https://ie.indeed.com/jobs?q=junior+.net+developer&l=Dublin&start=40&vjk=50e3cc2e224e45ef
Senior Engineer BizOps, MasterCard , https://ie.indeed.com/jobs?q=junior+.net+developer&l=Dublin&start=40&vjk=25f764726fe58159
Senior C Net Developer  Dublin CC  SaaS, Reperio Human Capital , https://ie.indeed.com/jobs?q=junior+.net+developer&l=Dublin&start=40&vjk=3d326f1cf797f532
Senior C Net Developer  Dublin Centre, Reperio Human Capital , https://ie.indeed.com/jobs?q=junior+.net+developer&l=Dublin&start=40&vjk=a4a4594b73f27307
Research Lead Senior Manager, Accenture , https://ie.indeed.com/jobs?q=junior+.net+developer&l=Dublin&start=40&vjk=f59c9390efd0e975
Senior C Net Developer Azure  South Dublin, Reperio Human Capital , https://ie.indeed.com/jobs?q=junior+.net+developer&l=Dublin&start=40&vjk=0307b2eb4cb8e22e
Senior MS Dynamics Developer  West Dublin, Reperio Human Capital , https://ie.indeed.com/jobs?q=junior+.net+developer&l=Dublin&start=40&vjk=eeafe1608c4fda00
Senior Developer, Experis UK  Ireland , https://ie.indeed.com/jobs?q=junior+.net+developer&l=Dublin&start=40&vjk=385d26c51292afd6
Senior NET Developer, Harvey Nash Ireland , https://ie.indeed.com/jobs?q=junior+.net+developer&l=Dublin&start=50&vjk=fc3374cba3a1f346
Senior Java Developer  Dublin, Citi , https://ie.indeed.com/jobs?q=junior+.net+developer&l=Dublin&start=50&vjk=5e883f14af1ed786
Senior NET Developer, realTime , https://ie.indeed.com/jobs?q=junior+.net+developer&l=Dublin&start=50&vjk=50e3cc2e224e45ef
Senior Engineer BizOps, MasterCard , https://ie.indeed.com/jobs?q=junior+.net+developer&l=Dublin&start=50&vjk=25f764726fe58159
Senior C Net Developer  Dublin CC  SaaS, Reperio Human Capital , https://ie.indeed.com/jobs?q=junior+.net+developer&l=Dublin&start=50&vjk=3d326f1cf797f532
Senior C Net Developer  Dublin Centre, Reperio Human Capital , https://ie.indeed.com/jobs?q=junior+.net+developer&l=Dublin&start=50&vjk=a4a4594b73f27307
Research Lead Senior Manager, Accenture , https://ie.indeed.com/jobs?q=junior+.net+developer&l=Dublin&start=50&vjk=f59c9390efd0e975
Senior C Net Developer Azure  South Dublin, Reperio Human Capital , https://ie.indeed.com/jobs?q=junior+.net+developer&l=Dublin&start=50&vjk=0307b2eb4cb8e22e
Senior MS Dynamics Developer  West Dublin, Reperio Human Capital , https://ie.indeed.com/jobs?q=junior+.net+developer&l=Dublin&start=50&vjk=eeafe1608c4fda00
Senior Developer, Experis UK  Ireland , https://ie.indeed.com/jobs?q=junior+.net+developer&l=Dublin&start=50&vjk=385d26c51292afd6
Senior NET Developer, Harvey Nash Ireland , https://ie.indeed.com/jobs?q=junior+.net+developer&l=Dublin&start=60&vjk=fc3374cba3a1f346
Senior Java Developer  Dublin, Citi , https://ie.indeed.com/jobs?q=junior+.net+developer&l=Dublin&start=60&vjk=5e883f14af1ed786
Senior NET Developer, realTime , https://ie.indeed.com/jobs?q=junior+.net+developer&l=Dublin&start=60&vjk=50e3cc2e224e45ef
Senior Engineer BizOps, MasterCard , https://ie.indeed.com/jobs?q=junior+.net+developer&l=Dublin&start=60&vjk=25f764726fe58159
Senior C Net Developer  Dublin CC  SaaS, Reperio Human Capital , https://ie.indeed.com/jobs?q=junior+.net+developer&l=Dublin&start=60&vjk=3d326f1cf797f532
Senior C Net Developer  Dublin Centre, Reperio Human Capital , https://ie.indeed.com/jobs?q=junior+.net+developer&l=Dublin&start=60&vjk=a4a4594b73f27307
Research Lead Senior Manager, Accenture , https://ie.indeed.com/jobs?q=junior+.net+developer&l=Dublin&start=60&vjk=f59c9390efd0e975
Senior C Net Developer Azure  South Dublin, Reperio Human Capital , https://ie.indeed.com/jobs?q=junior+.net+developer&l=Dublin&start=60&vjk=0307b2eb4cb8e22e
Senior MS Dynamics Developer  West Dublin, Reperio Human Capital , https://ie.indeed.com/jobs?q=junior+.net+developer&l=Dublin&start=60&vjk=eeafe1608c4fda00
Senior Developer, Experis UK  Ireland , https://ie.indeed.com/jobs?q=junior+.net+developer&l=Dublin&start=60&vjk=385d26c51292afd6
Senior Java Developer  Dublin, Citi , https://ie.indeed.com/jobs?q=junior+.net+developer&l=Dublin&start=70&vjk=5e883f14af1ed786
Senior NET Developer, Harvey Nash Ireland , https://ie.indeed.com/jobs?q=junior+.net+developer&l=Dublin&start=70&vjk=fc3374cba3a1f346
Senior NET Developer, realTime , https://ie.indeed.com/jobs?q=junior+.net+developer&l=Dublin&start=70&vjk=50e3cc2e224e45ef
Senior Engineer BizOps, MasterCard , https://ie.indeed.com/jobs?q=junior+.net+developer&l=Dublin&start=70&vjk=25f764726fe58159
Senior C Net Developer  Dublin CC  SaaS, Reperio Human Capital , https://ie.indeed.com/jobs?q=junior+.net+developer&l=Dublin&start=70&vjk=3d326f1cf797f532
Senior C Net Developer  Dublin Centre, Reperio Human Capital , https://ie.indeed.com/jobs?q=junior+.net+developer&l=Dublin&start=70&vjk=a4a4594b73f27307
Research Lead Senior Manager, Accenture , https://ie.indeed.com/jobs?q=junior+.net+developer&l=Dublin&start=70&vjk=f59c9390efd0e975
Senior C Net Developer Azure  South Dublin, Reperio Human Capital , https://ie.indeed.com/jobs?q=junior+.net+developer&l=Dublin&start=70&vjk=0307b2eb4cb8e22e
Senior MS Dynamics Developer  West Dublin, Reperio Human Capital , https://ie.indeed.com/jobs?q=junior+.net+developer&l=Dublin&start=70&vjk=eeafe1608c4fda00
Senior Developer, Experis UK  Ireland , https://ie.indeed.com/jobs?q=junior+.net+developer&l=Dublin&start=70&vjk=385d26c51292afd6
Senior NET Developer, Harvey Nash Ireland , https://ie.indeed.com/jobs?q=junior+.net+developer&l=Dublin&start=80&vjk=fc3374cba3a1f346
Senior Java Developer  Dublin, Citi , https://ie.indeed.com/jobs?q=junior+.net+developer&l=Dublin&start=80&vjk=5e883f14af1ed786
Senior NET Developer, realTime , https://ie.indeed.com/jobs?q=junior+.net+developer&l=Dublin&start=80&vjk=50e3cc2e224e45ef
Senior Engineer BizOps, MasterCard , https://ie.indeed.com/jobs?q=junior+.net+developer&l=Dublin&start=80&vjk=25f764726fe58159
Senior C Net Developer  Dublin CC  SaaS, Reperio Human Capital , https://ie.indeed.com/jobs?q=junior+.net+developer&l=Dublin&start=80&vjk=3d326f1cf797f532
Senior C Net Developer  Dublin Centre, Reperio Human Capital , https://ie.indeed.com/jobs?q=junior+.net+developer&l=Dublin&start=80&vjk=a4a4594b73f27307
Research Lead Senior Manager, Accenture , https://ie.indeed.com/jobs?q=junior+.net+developer&l=Dublin&start=80&vjk=f59c9390efd0e975
Senior C Net Developer Azure  South Dublin, Reperio Human Capital , https://ie.indeed.com/jobs?q=junior+.net+developer&l=Dublin&start=80&vjk=0307b2eb4cb8e22e
Senior MS Dynamics Developer  West Dublin, Reperio Human Capital , https://ie.indeed.com/jobs?q=junior+.net+developer&l=Dublin&start=80&vjk=eeafe1608c4fda00
Senior Developer, Experis UK  Ireland , https://ie.indeed.com/jobs?q=junior+.net+developer&l=Dublin&start=80&vjk=385d26c51292afd6
Senior Java Developer  Dublin, Citi , https://ie.indeed.com/jobs?q=junior+.net+developer&l=Dublin&start=90&vjk=5e883f14af1ed786
Senior NET Developer, Harvey Nash Ireland , https://ie.indeed.com/jobs?q=junior+.net+developer&l=Dublin&start=90&vjk=fc3374cba3a1f346
Senior NET Developer, realTime , https://ie.indeed.com/jobs?q=junior+.net+developer&l=Dublin&start=90&vjk=50e3cc2e224e45ef
Senior Engineer BizOps, MasterCard , https://ie.indeed.com/jobs?q=junior+.net+developer&l=Dublin&start=90&vjk=25f764726fe58159
Senior C Net Developer  Dublin CC  SaaS, Reperio Human Capital , https://ie.indeed.com/jobs?q=junior+.net+developer&l=Dublin&start=90&vjk=3d326f1cf797f532
Senior C Net Developer  Dublin Centre, Reperio Human Capital , https://ie.indeed.com/jobs?q=junior+.net+developer&l=Dublin&start=90&vjk=a4a4594b73f27307
Research Lead Senior Manager, Accenture , https://ie.indeed.com/jobs?q=junior+.net+developer&l=Dublin&start=90&vjk=f59c9390efd0e975
Senior C Net Developer Azure  South Dublin, Reperio Human Capital , https://ie.indeed.com/jobs?q=junior+.net+developer&l=Dublin&start=90&vjk=0307b2eb4cb8e22e
Senior MS Dynamics Developer  West Dublin, Reperio Human Capital , https://ie.indeed.com/jobs?q=junior+.net+developer&l=Dublin&start=90&vjk=eeafe1608c4fda00
Senior Developer, Experis UK  Ireland , https://ie.indeed.com/jobs?q=junior+.net+developer&l=Dublin&start=90&vjk=385d26c51292afd6
