Software Developer, Zulleon , https://ie.indeed.com/jobs?q=android+developer&l=Dublin&start=0&vjk=e4c6497852aa86ea
Android Developer, EDG Software Factory , https://ie.indeed.com/jobs?q=android+developer&l=Dublin&start=0&vjk=7e826ffae992e219
Android Engineer  Dublin Ireland, Jet  The Walmart eCommerce Family of Brands , https://ie.indeed.com/jobs?q=android+developer&l=Dublin&start=0&vjk=d78939bf1c3101e0
Android Developer, LetsGetChecked , https://ie.indeed.com/jobs?q=android+developer&l=Dublin&start=0&vjk=d5cc9d575d311e73
Mobile Application Developers, IMS MAXIMS , https://ie.indeed.com/jobs?q=android+developer&l=Dublin&start=0&vjk=d87d39e84c27490e
WebMobile App Developer, CR2 , https://ie.indeed.com/jobs?q=android+developer&l=Dublin&start=0&vjk=5b77a32a338e1b75
Software Engineer, BrowserStack , https://ie.indeed.com/jobs?q=android+developer&l=Dublin&start=0&vjk=c13282830e2003cc
Android Developer, Car Trawler , https://ie.indeed.com/jobs?q=android+developer&l=Dublin&start=0&vjk=37ea6ee9b4b06b5f
Senior Android Developer, Winfooz , https://ie.indeed.com/jobs?q=android+developer&l=Dublin&start=0&vjk=0fc9eac65203169d
Mobile Developer, Dublin City University , https://ie.indeed.com/jobs?q=android+developer&l=Dublin&start=0&vjk=eb13f68a3e58e171
Software Engineering or Site Reliability Engineering Intern, Google , https://ie.indeed.com/jobs?q=android+developer&l=Dublin&start=10&vjk=6193ada8624f82fb
Java EE Developer, Ryanair , https://ie.indeed.com/jobs?q=android+developer&l=Dublin&start=10&vjk=ce3137888f98ae13
Senior Software Engineer  Dublin, BrowserStack , https://ie.indeed.com/jobs?q=android+developer&l=Dublin&start=10&vjk=0dcbf7e2c0f1b6a9
Technical Support Engineer, Twilio , https://ie.indeed.com/jobs?q=android+developer&l=Dublin&start=10&vjk=325b6660596b4b58
iOS Developer  Mobile SDKs, Zendesk , https://ie.indeed.com/jobs?q=android+developer&l=Dublin&start=10&vjk=07fc6c6b12ef1361
UIMobile Build and Release Engineer, Workday , https://ie.indeed.com/jobs?q=android+developer&l=Dublin&start=10&vjk=793f8636347a9f0b
UX Developer, Sportdec , https://ie.indeed.com/jobs?q=android+developer&l=Dublin&start=10&vjk=fa960e2b4b7dfe84
Android Developer, Cartrawler , https://ie.indeed.com/jobs?q=android+developer&l=Dublin&start=10&vjk=5b1a9c4fb76b938e
Software Developer C, Zulleon , https://ie.indeed.com/jobs?q=android+developer&l=Dublin&start=10&vjk=0af1681233efda5c
Unity  C Developer, Black Onyx Interactive , https://ie.indeed.com/jobs?q=android+developer&l=Dublin&start=10&vjk=a94f0bd40ea35854
Unity  C Developer, Black Onyx Interactive , https://ie.indeed.com/jobs?q=android+developer&l=Dublin&start=20&vjk=a94f0bd40ea35854
Solution Developer EMEA Dublin office, Zendesk , https://ie.indeed.com/jobs?q=android+developer&l=Dublin&start=20&vjk=0fdb19eea474028b
Senior Android Engineer  Apps Team, Zendesk , https://ie.indeed.com/jobs?q=android+developer&l=Dublin&start=20&vjk=2c691aab6a478ef7
Senior Android Software Development Engineer, Workday , https://ie.indeed.com/jobs?q=android+developer&l=Dublin&start=20&vjk=275b537675b22bdd
Backend Developer, Bamboo , https://ie.indeed.com/jobs?q=android+developer&l=Dublin&start=20&vjk=738b86b8dbb8fa4c
Systems Engineer, Google , https://ie.indeed.com/jobs?q=android+developer&l=Dublin&start=20&vjk=383ac8ad843e0f8a
Android Developer Kotlin, realTime , https://ie.indeed.com/jobs?q=android+developer&l=Dublin&start=20&vjk=f1167e95188f08f4
Android Developer, realTime , https://ie.indeed.com/jobs?q=android+developer&l=Dublin&start=20&vjk=b2d2904587ca48db
UI Designer, LetsGetChecked , https://ie.indeed.com/jobs?q=android+developer&l=Dublin&start=20&vjk=693d0431155bf860
Fullstack Software Engineer, Hertz Europe , https://ie.indeed.com/jobs?q=android+developer&l=Dublin&start=20&vjk=51c2e951c17f48f9
UI Designer, LetsGetChecked , https://ie.indeed.com/jobs?q=android+developer&l=Dublin&start=30&vjk=693d0431155bf860
Senior Android Developer  Mobile SDKs, Zendesk , https://ie.indeed.com/jobs?q=android+developer&l=Dublin&start=30&vjk=2346985a8bb08a1b
Backend  Platform Engineer, Sportdec , https://ie.indeed.com/jobs?q=android+developer&l=Dublin&start=30&vjk=71a0474b7d804023
React Native Developer, Finsearch Professional Recruitment , https://ie.indeed.com/jobs?q=android+developer&l=Dublin&start=30&vjk=0aa96fb68254c6cd
Senior Android Mobile Engineer, MasterCard , https://ie.indeed.com/jobs?q=android+developer&l=Dublin&start=30&vjk=e7c8574c2979983e
Software Engineering Intern PhD 2019, Google , https://ie.indeed.com/jobs?q=android+developer&l=Dublin&start=30&vjk=e13a6b59ea307cea
Senior NET Developer, Flipdish , https://ie.indeed.com/jobs?q=android+developer&l=Dublin&start=30&vjk=98003718a20c798f
Cloud Support Engineer Developer and Mobile Services  AWS, Amazoncom , https://ie.indeed.com/jobs?q=android+developer&l=Dublin&start=30&vjk=2c6d3cd238423f1e
Support Engineer, Intercom , https://ie.indeed.com/jobs?q=android+developer&l=Dublin&start=30&vjk=e8745ab765efbd68
iOS Android Developer  Mobile Developer, Nicoll Curtin Limited , https://ie.indeed.com/jobs?q=android+developer&l=Dublin&start=30&vjk=36d45ff749724ec5
Mobile Developer, Reperio Human Capital , https://ie.indeed.com/jobs?q=android+developer&l=Dublin&start=40&vjk=4ef1c87e4686ed05
Senior Unity3D Developer, Zulleon , https://ie.indeed.com/jobs?q=android+developer&l=Dublin&start=40&vjk=a3b312b379ef203f
Net Developer, Solas , https://ie.indeed.com/jobs?q=android+developer&l=Dublin&start=40&vjk=17290d471a84e023
Junior UX Full Stack Designer, Hertz Europe , https://ie.indeed.com/jobs?q=android+developer&l=Dublin&start=40&vjk=928dca03eb250d90
Android Developer, Reperio Human Capital , https://ie.indeed.com/jobs?q=android+developer&l=Dublin&start=40&vjk=2898459ac16dd191
Java Developer with Android, Reperio Human Capital , https://ie.indeed.com/jobs?q=android+developer&l=Dublin&start=40&vjk=19179e1cce880197
Junior C Developer, Reperio Human Capital , https://ie.indeed.com/jobs?q=android+developer&l=Dublin&start=40&vjk=be9f8eb9fcffa61a
Junior Developer Nodejs, Reperio Human Capital , https://ie.indeed.com/jobs?q=android+developer&l=Dublin&start=40&vjk=bbc0359867f1508b
WebMobile Developer, Reperio Human Capital , https://ie.indeed.com/jobs?q=android+developer&l=Dublin&start=40&vjk=f63b0715eab018d9
Senior Android Engineer  Dublin Ireland, Jet  The Walmart eCommerce Family of Brands , https://ie.indeed.com/jobs?q=android+developer&l=Dublin&start=40&vjk=573f537c2a029c1a
MidLevel Java Developer, Reperio Human Capital , https://ie.indeed.com/jobs?q=android+developer&l=Dublin&start=50&vjk=86383df58c026c8f
Senior Test Engineer, Independent News  Media , https://ie.indeed.com/jobs?q=android+developer&l=Dublin&start=50&vjk=2fb831c277eabf1e
Senior Game Client Engineer Unity, DIGIT Game Studios , https://ie.indeed.com/jobs?q=android+developer&l=Dublin&start=50&vjk=bad601fc3834cc59
Web Developer Support Engineer, Paypal , https://ie.indeed.com/jobs?q=android+developer&l=Dublin&start=50&vjk=4a1c3d0157a419d6
Exciting New Front End Development Opportunity, Reperio Human Capital , https://ie.indeed.com/jobs?q=android+developer&l=Dublin&start=50&vjk=92693fb2ba17be8b
Senior AndroidKotlin Developer, nineDots , https://ie.indeed.com/jobs?q=android+developer&l=Dublin&start=50&vjk=9da78865b343720a
Erasmus Web Developer, Stay Planet , https://ie.indeed.com/jobs?q=android+developer&l=Dublin&start=50&vjk=4d7bb4d043322e4d
SAP iXp Intern  Software Developer January Start  6 month, SAP , https://ie.indeed.com/jobs?q=android+developer&l=Dublin&start=50&vjk=1d782048ab6cc976
Software Architect, Travelport , https://ie.indeed.com/jobs?q=android+developer&l=Dublin&start=50&vjk=8bb4d9870deab4d4
Xamarin Developer  South Dublin, IT Search , https://ie.indeed.com/jobs?q=android+developer&l=Dublin&start=50&vjk=8ba444d052a05429
Senior Web Developer, TheJournalie , https://ie.indeed.com/jobs?q=android+developer&l=Dublin&start=60&vjk=b73f79f907cd75f1
Ruby on Rails Developer, Bizimply , https://ie.indeed.com/jobs?q=android+developer&l=Dublin&start=60&vjk=54124bbcd3740d72
JavaAndroid Developer, Eden Recruitment , https://ie.indeed.com/jobs?q=android+developer&l=Dublin&start=60&vjk=815f4e2b4ba4f421
Senior Engineer, Reperio Human Capital , https://ie.indeed.com/jobs?q=android+developer&l=Dublin&start=60&vjk=fc7d1707659a3a5e
Software Engineering Manager  Mobile, Accela , https://ie.indeed.com/jobs?q=android+developer&l=Dublin&start=60&vjk=5fea3b1712d2aa8c
Senior Software Developer C, Zulleon , https://ie.indeed.com/jobs?q=android+developer&l=Dublin&start=60&vjk=db7b0a0c02d1e3bf
UX Full Stack Designer, Hertz Europe , https://ie.indeed.com/jobs?q=android+developer&l=Dublin&start=60&vjk=c97c762f678a583a
Senior Java Engineer  Solution Architect, Greenfinch , https://ie.indeed.com/jobs?q=android+developer&l=Dublin&start=60&vjk=d3832e542c98fc4d
Senior Full Stack Java Developer, CR2 , https://ie.indeed.com/jobs?q=android+developer&l=Dublin&start=60&vjk=de6ee6dd5ce07edb
Android Expert, Recruiters , https://ie.indeed.com/jobs?q=android+developer&l=Dublin&start=60&vjk=895bc1501ceb9ddd
Xamarin Developer, Morgan McKinley , https://ie.indeed.com/jobs?q=android+developer&l=Dublin&start=70&vjk=472ed943b4776479
Senior Android Developer, Talentspot Recruitment , https://ie.indeed.com/jobs?q=android+developer&l=Dublin&start=70&vjk=b72da7eb73b7304f
Senior Android Developer, Reperio Human Capital , https://ie.indeed.com/jobs?q=android+developer&l=Dublin&start=70&vjk=9aaaa7186d803d1a
iOS Developer, nineDots , https://ie.indeed.com/jobs?q=android+developer&l=Dublin&start=70&vjk=62c14a4c4278777c
JavaScript Developer, Eolas Recruitment , https://ie.indeed.com/jobs?q=android+developer&l=Dublin&start=70&vjk=0b8f2562f92dca16
Project Lead Mobility, Wipro LTD , https://ie.indeed.com/jobs?q=android+developer&l=Dublin&start=70&vjk=25cb569ff551e132
Senior Android Developer, Gempool , https://ie.indeed.com/jobs?q=android+developer&l=Dublin&start=70&vjk=aae62ba527e5f953
Senior Developer  FinTech StartUp  Dublin, Reperio Human Capital , https://ie.indeed.com/jobs?q=android+developer&l=Dublin&start=70&vjk=042b5cbbcb3fc955
Senior Java Developer, Reperio Human Capital , https://ie.indeed.com/jobs?q=android+developer&l=Dublin&start=70&vjk=5b01ceeeabfc6324
Manager Policy Program Management, Google , https://ie.indeed.com/jobs?q=android+developer&l=Dublin&start=70&vjk=16ca029b91a71a6f
Apps Technical Product Specialist Online Partnerships Group, Google , https://ie.indeed.com/jobs?q=android+developer&l=Dublin&start=80&vjk=b37778817195c11b
Full Stack Software Developer, Eolas Recruitment , https://ie.indeed.com/jobs?q=android+developer&l=Dublin&start=80&vjk=4f8328e01d21aa2f
Junior PHP Developer, Reperio Human Capital , https://ie.indeed.com/jobs?q=android+developer&l=Dublin&start=80&vjk=7b3156b5ebf349ac
Full Stack Developer, Reperio Human Capital , https://ie.indeed.com/jobs?q=android+developer&l=Dublin&start=80&vjk=3722cfd56a6b5f95
Full Stack Engineer, Gempool , https://ie.indeed.com/jobs?q=android+developer&l=Dublin&start=80&vjk=ff18dd9151181983
Corporate Operations Engineer Automation and Security, Google , https://ie.indeed.com/jobs?q=android+developer&l=Dublin&start=80&vjk=f727b9d04058296d
Technical Support Engineer  German Speaking, Zendesk , https://ie.indeed.com/jobs?q=android+developer&l=Dublin&start=80&vjk=30a44765cddfe1e1
The Dock  Scrum Master, Accenture , https://ie.indeed.com/jobs?q=android+developer&l=Dublin&start=80&vjk=58bae6456c8fc4f1
Mobile Test Engineer, Reperio Human Capital , https://ie.indeed.com/jobs?q=android+developer&l=Dublin&start=80&vjk=542e51f13912025d
Senior Software Design Engineer with C, ICDS Recruitment , https://ie.indeed.com/jobs?q=android+developer&l=Dublin&start=80&vjk=3f333385d6eb058d
Senior C Net Developer  Dublin CC Start Up, Reperio Human Capital , https://ie.indeed.com/jobs?q=android+developer&l=Dublin&start=90&vjk=70bde970eafaa98b
Lead Developer, Gempool , https://ie.indeed.com/jobs?q=android+developer&l=Dublin&start=90&vjk=7cc9cfff444ec219
Full Stack PHP Developer, Reperio Human Capital , https://ie.indeed.com/jobs?q=android+developer&l=Dublin&start=90&vjk=f96d57dccfc6c195
Technical Digital Project Manager, RightFitie , https://ie.indeed.com/jobs?q=android+developer&l=Dublin&start=90&vjk=f259233d513a3773
Digital Technical Project Manager  Award winning agency, RightFitie , https://ie.indeed.com/jobs?q=android+developer&l=Dublin&start=90&vjk=23652c158487236a
