LIMS Developer, Accenture , https://ie.indeed.com/jobs?q=java+developer&l=Dublin&start=0&vjk=0c25b49469656e1a
JavaScala Developer conversion to Robotic Process Automatio, MindweaverAI , https://ie.indeed.com/jobs?q=java+developer&l=Dublin&start=0&vjk=358b6850dbe0c120
Java Developer, Version 1 , https://ie.indeed.com/jobs?q=java+developer&l=Dublin&start=0&vjk=386ebcbb051449dc
Java  API Developer, Version 1 , https://ie.indeed.com/jobs?q=java+developer&l=Dublin&start=0&vjk=eb5bdbaccb6db4a0
Java Developer  Support, Version 1 , https://ie.indeed.com/jobs?q=java+developer&l=Dublin&start=0&vjk=f98bae404094b80f
Java Developer, Davy , https://ie.indeed.com/jobs?q=java+developer&l=Dublin&start=0&vjk=cef163fde8d82c1b
Java Developer, Singlepoint , https://ie.indeed.com/jobs?q=java+developer&l=Dublin&start=0&vjk=35ee2aa0527d79e8
Java Developer, Murex SAS , https://ie.indeed.com/jobs?q=java+developer&l=Dublin&start=0&vjk=2daa90e0c639aa3c
Software Developer  Intern, Groupon , https://ie.indeed.com/jobs?q=java+developer&l=Dublin&start=0&vjk=760b43367b189551
Developer, Intercontinental Exchange , https://ie.indeed.com/jobs?q=java+developer&l=Dublin&start=0&vjk=c910a2c462bc67fd
Software Engineer, Dun  Bradstreet , https://ie.indeed.com/jobs?q=java+developer&l=Dublin&start=10&vjk=dae69d3ed32384ee
Software Development Engineer, Amazon Data Srvcs Ireland Ltd , https://ie.indeed.com/jobs?q=java+developer&l=Dublin&start=10&vjk=82dd2780da918aa4
Java Developer, Singlepoint , https://ie.indeed.com/jobs?q=java+developer&l=Dublin&start=10&vjk=35ee2aa0527d79e8
Java Software Developer, Realex Payments , https://ie.indeed.com/jobs?q=java+developer&l=Dublin&start=10&vjk=f7e10699ca7826b2
Java Developer, Murex SAS , https://ie.indeed.com/jobs?q=java+developer&l=Dublin&start=10&vjk=2daa90e0c639aa3c
Java Developer, BearingPoint Ireland , https://ie.indeed.com/jobs?q=java+developer&l=Dublin&start=10&vjk=491d4af065a3417d
Java Developer, Davy , https://ie.indeed.com/jobs?q=java+developer&l=Dublin&start=10&vjk=cef163fde8d82c1b
Java  C Software Engineers, Greenfinch , https://ie.indeed.com/jobs?q=java+developer&l=Dublin&start=10&vjk=59afe389af54bdab
SOFTWARE ENGINEER, SONALAKE , https://ie.indeed.com/jobs?q=java+developer&l=Dublin&start=10&vjk=646012274d154a5e
Software Engineer, BrowserStack , https://ie.indeed.com/jobs?q=java+developer&l=Dublin&start=10&vjk=c13282830e2003cc
Software Engineer, Susquehanna , https://ie.indeed.com/jobs?q=java+developer&l=Dublin&start=20&vjk=6142e8470368f687
JavaScala Developer conversion to Robotic Process Automatio, MindweaverAI , https://ie.indeed.com/jobs?q=java+developer&l=Dublin&start=20&vjk=358b6850dbe0c120
Senior Software Engineer  Internal Products Java, Squarespace , https://ie.indeed.com/jobs?q=java+developer&l=Dublin&start=20&vjk=bc38e6df878df771
Developer, Intercontinental Exchange , https://ie.indeed.com/jobs?q=java+developer&l=Dublin&start=20&vjk=c910a2c462bc67fd
Software Developer Fleet Management Systems, Amazon Data Srvcs Ireland Ltd , https://ie.indeed.com/jobs?q=java+developer&l=Dublin&start=20&vjk=cfcd5f10cc0c7513
Software Development Engineer  Barcelona event March 2019, Amazoncom , https://ie.indeed.com/jobs?q=java+developer&l=Dublin&start=20&vjk=fea13d30b2b23675
Software Development Intern, FINEOS Corporation , https://ie.indeed.com/jobs?q=java+developer&l=Dublin&start=20&vjk=b7cde7d4420fcd1b
Software Developer 4, Oracle , https://ie.indeed.com/jobs?q=java+developer&l=Dublin&start=20&vjk=2f7c2a52900045ae
Backend Engineer Ireland, Arcblock Inc , https://ie.indeed.com/jobs?q=java+developer&l=Dublin&start=20&vjk=535c6d3339517394
Java Deployment Automation Developer, Jobskey Consultancy , https://ie.indeed.com/jobs?q=java+developer&l=Dublin&start=20&vjk=0247991ee17ca7ae
Full Stack JavaUI Engineer  6 Month Day Rate Contract, Globoforce Limited , https://ie.indeed.com/jobs?q=java+developer&l=Dublin&start=30&vjk=aeee11be86ccba58
Software Development Engineer, ServiceNow , https://ie.indeed.com/jobs?q=java+developer&l=Dublin&start=30&vjk=21e659291ef49ded
Software Engineering Intern PhD 2019, Google , https://ie.indeed.com/jobs?q=java+developer&l=Dublin&start=30&vjk=e13a6b59ea307cea
Senior Software Engineer C Java, CR2 , https://ie.indeed.com/jobs?q=java+developer&l=Dublin&start=30&vjk=cf185711eb8cf051
Engineer Software Engineering, MasterCard , https://ie.indeed.com/jobs?q=java+developer&l=Dublin&start=30&vjk=5e470037c29af132
Java EE Developer, Ryanair , https://ie.indeed.com/jobs?q=java+developer&l=Dublin&start=30&vjk=ce3137888f98ae13
Full Stack Engineer, Sylon , https://ie.indeed.com/jobs?q=java+developer&l=Dublin&start=30&vjk=55d916b7d52e0505
Software Engineer Developer, Fidelity Investments , https://ie.indeed.com/jobs?q=java+developer&l=Dublin&start=30&vjk=7191ea69df944885
Full Stack Java Developer, Equifax , https://ie.indeed.com/jobs?q=java+developer&l=Dublin&start=30&vjk=d845a19aab5304c7
Web Development Engineer  CloudWatch, Amazoncom , https://ie.indeed.com/jobs?q=java+developer&l=Dublin&start=30&vjk=2a967faa1f4a983d
Oracle Analyst and Developer, Dunnes , https://ie.indeed.com/jobs?q=java+developer&l=Dublin&start=40&vjk=0e5144bd9582156d
Java  API Developer, Version 1 , https://ie.indeed.com/jobs?q=java+developer&l=Dublin&start=40&vjk=eb5bdbaccb6db4a0
Java Developer  Support, Version 1 , https://ie.indeed.com/jobs?q=java+developer&l=Dublin&start=40&vjk=f98bae404094b80f
Web Development Engineer  CloudWatch, Amazon Data Srvcs Ireland Ltd , https://ie.indeed.com/jobs?q=java+developer&l=Dublin&start=40&vjk=3a6c263a2102b4c5
Software Developer IBM Cloud Dublin, IBM , https://ie.indeed.com/jobs?q=java+developer&l=Dublin&start=40&vjk=7523812ad54f0149
Full Stack Engineer, Shipyard Technology Ventures , https://ie.indeed.com/jobs?q=java+developer&l=Dublin&start=40&vjk=8df3ae62657df7a1
WebMobile App Developer, CR2 , https://ie.indeed.com/jobs?q=java+developer&l=Dublin&start=40&vjk=5b77a32a338e1b75
BACKENDFRONTEND FULL STACK DEVELOPER, Cortex Cognition , https://ie.indeed.com/jobs?q=java+developer&l=Dublin&start=40&vjk=295b355763c54edd
Full Stack Backend  Frontend developer, Cortex Cognition , https://ie.indeed.com/jobs?q=java+developer&l=Dublin&start=40&vjk=6dbffad5115181dc
Solution Developer EMEA Dublin office, Zendesk , https://ie.indeed.com/jobs?q=java+developer&l=Dublin&start=40&vjk=0fdb19eea474028b
Senior Software Developer Core Server, The Stars Group , https://ie.indeed.com/jobs?q=java+developer&l=Dublin&start=50&vjk=49441619dbe56831
Software Development Engineer  Lambda, Amazon Data Srvcs Ireland Ltd , https://ie.indeed.com/jobs?q=java+developer&l=Dublin&start=50&vjk=1d290ef3582fae1c
Software Development Engineer  DynamoDB, Amazon Data Srvcs Ireland Ltd , https://ie.indeed.com/jobs?q=java+developer&l=Dublin&start=50&vjk=709ac79ac013e582
SAP iXp Intern  Software Developer January Start  6 month, SAP , https://ie.indeed.com/jobs?q=java+developer&l=Dublin&start=50&vjk=1d782048ab6cc976
Ambitious and Experienced java Developer Requried, Xpertivity , https://ie.indeed.com/jobs?q=java+developer&l=Dublin&start=50&vjk=bba899c9da817a2f
Student Research Collaboration, Google , https://ie.indeed.com/jobs?q=java+developer&l=Dublin&start=50&vjk=5bf6b55729fdb762
LIMS Developer, Accenture , https://ie.indeed.com/jobs?q=java+developer&l=Dublin&start=50&vjk=0c25b49469656e1a
Liferay Full Stack Developer  Work Remote 4500055000, PFI Knowledge Solutions Ltd , https://ie.indeed.com/jobs?q=java+developer&l=Dublin&start=50&vjk=fd88bcf4f366e1e4
Software Developer Big Data  Analytics, Truata , https://ie.indeed.com/jobs?q=java+developer&l=Dublin&start=50&vjk=fb93fb19a3a07663
Graduate Developer Consultant  Dublin Ireland, Guidewire Software Inc , https://ie.indeed.com/jobs?q=java+developer&l=Dublin&start=50&vjk=2bda8a1991f21d4c
Senior Software Engineer  Dublin, BrowserStack , https://ie.indeed.com/jobs?q=java+developer&l=Dublin&start=60&vjk=0dcbf7e2c0f1b6a9
Junior Data Engineer, Hertz Europe , https://ie.indeed.com/jobs?q=java+developer&l=Dublin&start=60&vjk=39fd2286c675ac58
AI Software Engineer, Accenture , https://ie.indeed.com/jobs?q=java+developer&l=Dublin&start=60&vjk=fb8422d96ee4718d
Full Stack Software Developer, Hertz Europe , https://ie.indeed.com/jobs?q=java+developer&l=Dublin&start=60&vjk=6b6c053c2931b0f9
Senior Java Developer  RegTech, BearingPoint Ireland , https://ie.indeed.com/jobs?q=java+developer&l=Dublin&start=60&vjk=104c5426e1b526a5
MidLevel Developers  Learn New Tech, Archer , https://ie.indeed.com/jobs?q=java+developer&l=Dublin&start=60&vjk=845d7c36770b22c8
Full Stack Java Developer, Franchise Direct , https://ie.indeed.com/jobs?q=java+developer&l=Dublin&start=60&vjk=e03a8bc0d02ce473
Premier Support Engineer, Zendesk , https://ie.indeed.com/jobs?q=java+developer&l=Dublin&start=60&vjk=2c2b82e2b6370deb
Software Development Engineer, Workday , https://ie.indeed.com/jobs?q=java+developer&l=Dublin&start=60&vjk=e61f09e24bc7fc5f
Demo Engineer Success Graduate, Salesforce , https://ie.indeed.com/jobs?q=java+developer&l=Dublin&start=60&vjk=4b7938675f979088
Senior Java Developer, Amach Software , https://ie.indeed.com/jobs?q=java+developer&l=Dublin&start=70&vjk=00466484a6cb349f
Java Developer, nineDots , https://ie.indeed.com/jobs?q=java+developer&l=Dublin&start=70&vjk=1fb751bbe9e50612
Data Analyst, Sagax Technologies , https://ie.indeed.com/jobs?q=java+developer&l=Dublin&start=70&vjk=2d69628cb9eb6d52
Software Developer Watson Cloud  Platform, IBM , https://ie.indeed.com/jobs?q=java+developer&l=Dublin&start=70&vjk=51173f1b4299e16d
The Dock  Data Engineer, Accenture , https://ie.indeed.com/jobs?q=java+developer&l=Dublin&start=70&vjk=0e4be1d873e951ee
Salesforce Developer  Application Dev Engineer, Amazon Data Srvcs Ireland Ltd , https://ie.indeed.com/jobs?q=java+developer&l=Dublin&start=70&vjk=ba740481a1ffcdb1
Fullstack Software Engineer, SoapBox Labs , https://ie.indeed.com/jobs?q=java+developer&l=Dublin&start=70&vjk=df790c252edbb014
Developer Support Engineer, Paypal , https://ie.indeed.com/jobs?q=java+developer&l=Dublin&start=70&vjk=6b6c744ac540891c
Front End Developer, NewsWhip , https://ie.indeed.com/jobs?q=java+developer&l=Dublin&start=70&vjk=1cd3b6962da62462
Software Engineer II, Rapid7 , https://ie.indeed.com/jobs?q=java+developer&l=Dublin&start=70&vjk=9776efefd5b9e370
Database Developer, Reperio Human Capital , https://ie.indeed.com/jobs?q=java+developer&l=Dublin&start=80&vjk=847ae36b81cbbb55
Senior Java Developer, Morgan McKinley , https://ie.indeed.com/jobs?q=java+developer&l=Dublin&start=80&vjk=5eb74a010e25a351
Java Developer  Adobe Experience Manager Specialist, Ryanair , https://ie.indeed.com/jobs?q=java+developer&l=Dublin&start=80&vjk=a670ae1ac8ab18b5
Principal DS Developer, Aer Lingus Group plc , https://ie.indeed.com/jobs?q=java+developer&l=Dublin&start=80&vjk=9541f2f9d749d0cc
React Native Developer, Finsearch Professional Recruitment , https://ie.indeed.com/jobs?q=java+developer&l=Dublin&start=80&vjk=0aa96fb68254c6cd
Senior Software Developer Core Server, The Stars Group , https://ie.indeed.com/jobs?q=java+developer&l=Dublin&start=80&vjk=49441619dbe56831
Experienced Java Developer, Career Trotter , https://ie.indeed.com/jobs?q=java+developer&l=Dublin&start=80&vjk=1943404d4975181a
Software Development Engineer  OMSUI, Workday , https://ie.indeed.com/jobs?q=java+developer&l=Dublin&start=80&vjk=f0927aa80c34a6a0
Lead Developer Java, nineDots , https://ie.indeed.com/jobs?q=java+developer&l=Dublin&start=80&vjk=08b008c11c81b3c2
JAVA Developer Blockchain, wa consultants , https://ie.indeed.com/jobs?q=java+developer&l=Dublin&start=80&vjk=4118d5bf6c2ebe88
Web FrontEnd Developer, Greenfinch , https://ie.indeed.com/jobs?q=java+developer&l=Dublin&start=90&vjk=a173dc3c6cbc717a
Software Development Engineer  AWS DNS, Amazon Data Srvcs Ireland Ltd , https://ie.indeed.com/jobs?q=java+developer&l=Dublin&start=90&vjk=1d40ae34bf014001
Java Developer, Hydrogen Group , https://ie.indeed.com/jobs?q=java+developer&l=Dublin&start=90&vjk=333e4e0b079714bf
Java Developer, realTime , https://ie.indeed.com/jobs?q=java+developer&l=Dublin&start=90&vjk=89ba516b6edd5eb5
Front End Engineer  Load Balancing Console, Amazon Data Srvcs Ireland Ltd , https://ie.indeed.com/jobs?q=java+developer&l=Dublin&start=90&vjk=f17f94c1eb93e3eb
Data Engineer, Deutsche Bank , https://ie.indeed.com/jobs?q=java+developer&l=Dublin&start=90&vjk=65d2d24e06d52b77
Digital Automation Lead, Aer Lingus Group plc , https://ie.indeed.com/jobs?q=java+developer&l=Dublin&start=90&vjk=fe177e980025e46b
Data Engineer, Hertz Europe , https://ie.indeed.com/jobs?q=java+developer&l=Dublin&start=90&vjk=f65b2dc7d2c0d383
FrontEnd Developer, News Whip , https://ie.indeed.com/jobs?q=java+developer&l=Dublin&start=90&vjk=1da0e7fb5187a607
Developer Support Engineer, Facebook , https://ie.indeed.com/jobs?q=java+developer&l=Dublin&start=90&vjk=3cc3c1e4b2f49f63
