Junior IT Support Engineer, Positive Equity , https://ie.indeed.com/jobs?q=junior+web+developer&l=Dublin&start=0&vjk=fc0049cbe4d2fd0e
Junior PHP Developer, CliniShift , https://ie.indeed.com/jobs?q=junior+web+developer&l=Dublin&start=0&vjk=c5d6456c90217681
Frontend Engineer, Workday , https://ie.indeed.com/jobs?q=junior+web+developer&l=Dublin&start=0&vjk=37ac57af7855bc2f
The Dock  Junior Front End Engineer, Accenture , https://ie.indeed.com/jobs?q=junior+web+developer&l=Dublin&start=0&vjk=c6b1107c4e0dd742
Junior Email Marketing CoOrdinator,  , https://ie.indeed.com/jobs?q=junior+web+developer&l=Dublin&start=0&vjk=3cc5b8d7e7139a8b
Junior Backend Developer PHP Laravel, MoGi Group , https://ie.indeed.com/jobs?q=junior+web+developer&l=Dublin&start=0&vjk=b8212f249cbec43c
JavaScriptFrontend Engineer, Workday , https://ie.indeed.com/jobs?q=junior+web+developer&l=Dublin&start=0&vjk=2aeaca77f38470f2
Junior Data Engineer, Hertz Europe , https://ie.indeed.com/jobs?q=junior+web+developer&l=Dublin&start=0&vjk=39fd2286c675ac58
French Junior web Developer  HTML CSS and Javascript, Manpower , https://ie.indeed.com/jobs?q=junior+web+developer&l=Dublin&start=0&vjk=da07d17de6147fdc
German Junior web Developer  HTML CSS and Javascript, Manpower , https://ie.indeed.com/jobs?q=junior+web+developer&l=Dublin&start=0&vjk=b749a96caf545a19
Web Developer, Reperio Human Capital , https://ie.indeed.com/jobs?q=junior+web+developer&l=Dublin&start=10&vjk=26ec8c3357e579a6
Junior UX Full Stack Designer, Hertz Europe , https://ie.indeed.com/jobs?q=junior+web+developer&l=Dublin&start=10&vjk=928dca03eb250d90
Junior Developer Nodejs, Reperio Human Capital , https://ie.indeed.com/jobs?q=junior+web+developer&l=Dublin&start=10&vjk=bbc0359867f1508b
Junior PHP Developer, Reperio Human Capital , https://ie.indeed.com/jobs?q=junior+web+developer&l=Dublin&start=10&vjk=7b3156b5ebf349ac
Junior Net Software Developer, Morgan McKinley , https://ie.indeed.com/jobs?q=junior+web+developer&l=Dublin&start=10&vjk=3bc48d1117a9ba83
Junior Developer RubyPython, Reperio Human Capital , https://ie.indeed.com/jobs?q=junior+web+developer&l=Dublin&start=10&vjk=d555aed1fc3c519b
Junior Web Developer  Dutch or French Fluent  Dublin, Manpower , https://ie.indeed.com/jobs?q=junior+web+developer&l=Dublin&start=10&vjk=4e708f1b4070128d
Italian Junior web Developer  HTML CSS and Javascript, Manpower , https://ie.indeed.com/jobs?q=junior+web+developer&l=Dublin&start=10&vjk=1ee2dc1433221ab5
Dutch Junior web Developer  HTML CSS and Javascript, Manpower , https://ie.indeed.com/jobs?q=junior+web+developer&l=Dublin&start=10&vjk=93a0abf633f0c753
Junior Software Engineer DevOps  Kubernetes Dublin Irela, Jet  The Walmart eCommerce Family of Brands , https://ie.indeed.com/jobs?q=junior+web+developer&l=Dublin&start=10&vjk=519b83ff0d7833b9
Junior Software Engineer DevOps Kafka  Dublin Ireland, Jet  The Walmart eCommerce Family of Brands , https://ie.indeed.com/jobs?q=junior+web+developer&l=Dublin&start=20&vjk=f8e01e646352945c
Junior Software Engineer  DevOps  Observability  Dublin, Jet  The Walmart eCommerce Family of Brands , https://ie.indeed.com/jobs?q=junior+web+developer&l=Dublin&start=20&vjk=70fd317385d0ce1d
Junior Ruby Developer, Reperio Human Capital , https://ie.indeed.com/jobs?q=junior+web+developer&l=Dublin&start=20&vjk=f27af1103c3e6ce8
Business Analyst Online Partnerships Group, Google , https://ie.indeed.com/jobs?q=junior+web+developer&l=Dublin&start=20&vjk=3cbc7aaf575222c4
Microsoft NET Developer, Version 1 , https://ie.indeed.com/jobs?q=junior+web+developer&l=Dublin&start=20&vjk=7a64cf03eb853c23
Junior Web Developer  German or Italian Fluent  Dublin, Manpower , https://ie.indeed.com/jobs?q=junior+web+developer&l=Dublin&start=20&vjk=b81024ff9fd97912
Senior PHP Developer, CliniShift , https://ie.indeed.com/jobs?q=junior+web+developer&l=Dublin&start=20&vjk=18ab14b42d4168f9
Front End Developer  Dublin, Reperio Human Capital , https://ie.indeed.com/jobs?q=junior+web+developer&l=Dublin&start=20&vjk=f531d97769e114da
The Dock  NLP Data Scientist, Accenture , https://ie.indeed.com/jobs?q=junior+web+developer&l=Dublin&start=20&vjk=cc7dea1867610c9a
Power BI Consultant, Avanade , https://ie.indeed.com/jobs?q=junior+web+developer&l=Dublin&start=20&vjk=a19948662c0ad5c1
Junior C Net Developer  Dublin City Centre, Reperio Human Capital , https://ie.indeed.com/jobs?q=junior+web+developer&l=Dublin&start=30&vjk=167e9bd5b39d1607
Junior Software Engineer DevOps  Kubernetes Dublin Irela, Jetcom , https://ie.indeed.com/jobs?q=junior+web+developer&l=Dublin&start=30&vjk=d890344b042d94f0
Junior Software Engineer  DevOps  Observability  Dublin, Jetcom , https://ie.indeed.com/jobs?q=junior+web+developer&l=Dublin&start=30&vjk=298b42d28dd2a86d
Junior Software Engineer DevOps Kafka  Dublin Ireland, Jetcom , https://ie.indeed.com/jobs?q=junior+web+developer&l=Dublin&start=30&vjk=e255212aa30e33e2
The Dock  Back End Technical Lead, Accenture , https://ie.indeed.com/jobs?q=junior+web+developer&l=Dublin&start=30&vjk=94e52f0a748ff438
QA Engineer, Reperio Human Capital , https://ie.indeed.com/jobs?q=junior+web+developer&l=Dublin&start=30&vjk=a2a76f8708144664
Senior Frontend Developer, Oneview Healthcare , https://ie.indeed.com/jobs?q=junior+web+developer&l=Dublin&start=30&vjk=dc2234daef2435b1
Senior Engineer  Customer  Cloud Operations Sustaining En, Guidewire Software Inc , https://ie.indeed.com/jobs?q=junior+web+developer&l=Dublin&start=30&vjk=95c73136157c4809
Nodejs Developer, Inflight Dublin , https://ie.indeed.com/jobs?q=junior+web+developer&l=Dublin&start=30&vjk=7a031f3a14820fc1
Lead Technical Consultant, Fenergo , https://ie.indeed.com/jobs?q=junior+web+developer&l=Dublin&start=30&vjk=d7a59a4da83244a1
Full Stack Java Developer, Equifax , https://ie.indeed.com/jobs?q=junior+web+developer&l=Dublin&start=40&vjk=d845a19aab5304c7
UI Developer Lead, UL , https://ie.indeed.com/jobs?q=junior+web+developer&l=Dublin&start=40&vjk=155e060ac9a9fde5
Senior Java Developer  Dublin, Citi , https://ie.indeed.com/jobs?q=junior+web+developer&l=Dublin&start=40&vjk=5e883f14af1ed786
Sharepoint Developer Required  Enterprise Project, HRM Executive Recruitment , https://ie.indeed.com/jobs?q=junior+web+developer&l=Dublin&start=40&vjk=c0d4e41e39311583
Senior Java Developer, Halian International , https://ie.indeed.com/jobs?q=junior+web+developer&l=Dublin&start=40&vjk=e65cae41058e31fe
Senior Software Engineer, FINEOS Corporation , https://ie.indeed.com/jobs?q=junior+web+developer&l=Dublin&start=40&vjk=0cd49a64cf0d9fe5
Java Developer Fullstack, Reperio Human Capital , https://ie.indeed.com/jobs?q=junior+web+developer&l=Dublin&start=40&vjk=6e42cbdb243a941b
C Developer, FRS Recruitment , https://ie.indeed.com/jobs?q=junior+web+developer&l=Dublin&start=40&vjk=97f41000e97f3641
NET Developer, ChannelSight , https://ie.indeed.com/jobs?q=junior+web+developer&l=Dublin&start=40&vjk=d6979a0c1b7279b6
Senior Software Engineer DevOps  Dublin Ireland, Jet  The Walmart eCommerce Family of Brands , https://ie.indeed.com/jobs?q=junior+web+developer&l=Dublin&start=40&vjk=6c66f5fe56a56dd9
NET Developer, ChannelSight , https://ie.indeed.com/jobs?q=junior+web+developer&l=Dublin&start=50&vjk=d6979a0c1b7279b6
Java Developer with AngularReact, Reperio Human Capital , https://ie.indeed.com/jobs?q=junior+web+developer&l=Dublin&start=50&vjk=88b2c63b73278e5d
Cognos TM1 Planning Analytics Developer, SystemsAccountants , https://ie.indeed.com/jobs?q=junior+web+developer&l=Dublin&start=50&vjk=8dfdc1025b525d0f
Senior Software Engineer  DevOps  Kafka, Jet  The Walmart eCommerce Family of Brands , https://ie.indeed.com/jobs?q=junior+web+developer&l=Dublin&start=50&vjk=594ad6d9ebf25e27
Senior Software Engineer  Email Threat Protection, FireEye , https://ie.indeed.com/jobs?q=junior+web+developer&l=Dublin&start=50&vjk=849ef581a3ddac89
Senior NET Developer, Fenergo , https://ie.indeed.com/jobs?q=junior+web+developer&l=Dublin&start=50&vjk=8a20e8f4c8c8c120
Senior Java Developer ROI, Fujitsu , https://ie.indeed.com/jobs?q=junior+web+developer&l=Dublin&start=50&vjk=a9c48b82a3a69f2a
Senior Test Engineer, Independent News  Media , https://ie.indeed.com/jobs?q=junior+web+developer&l=Dublin&start=50&vjk=2fb831c277eabf1e
Software Engineer  C Net  FinTech, Reperio Human Capital , https://ie.indeed.com/jobs?q=junior+web+developer&l=Dublin&start=50&vjk=7c4c087f932e6fe8
Senior NET Developer, Fluke , https://ie.indeed.com/jobs?q=junior+web+developer&l=Dublin&start=50&vjk=612b70f8b7501b59
Java Developer Team Lead, Reperio Human Capital , https://ie.indeed.com/jobs?q=junior+web+developer&l=Dublin&start=60&vjk=7ab5aa40f045ad1b
Senior NET Developer, Harvey Nash Ireland , https://ie.indeed.com/jobs?q=junior+web+developer&l=Dublin&start=60&vjk=fc3374cba3a1f346
Senior QA Automation Engineer, Verizon , https://ie.indeed.com/jobs?q=junior+web+developer&l=Dublin&start=60&vjk=72d54eeb99e75a88
Senior QA Analyst, Eolas Recruitment , https://ie.indeed.com/jobs?q=junior+web+developer&l=Dublin&start=60&vjk=09d632ea67a143d0
Senior C Net Developer  Dublin CC  SaaS, Reperio Human Capital , https://ie.indeed.com/jobs?q=junior+web+developer&l=Dublin&start=60&vjk=3d326f1cf797f532
C Net Developer  North Dublin, Reperio Human Capital , https://ie.indeed.com/jobs?q=junior+web+developer&l=Dublin&start=60&vjk=32256c3d9ef52001
Net Developers  Dublin City Centre, Reperio Human Capital , https://ie.indeed.com/jobs?q=junior+web+developer&l=Dublin&start=60&vjk=1bd2e16f543fee67
Senior net Engineer, Allianz Ireland , https://ie.indeed.com/jobs?q=junior+web+developer&l=Dublin&start=60&vjk=2ca5ffb31631806d
MidLevel C Net Software Developer, Reperio Human Capital , https://ie.indeed.com/jobs?q=junior+web+developer&l=Dublin&start=60&vjk=26169295b56ac52d
Senior Java Developer, Reperio Human Capital , https://ie.indeed.com/jobs?q=junior+web+developer&l=Dublin&start=60&vjk=ff753299b4a7b77f
Junior Web Developer French ItalianGermanDutch, Manpower , https://ie.indeed.com/jobs?q=junior+web+developer&l=Dublin&start=70&vjk=0884cba4cfd3e2c5
Java Developer Team Lead, Reperio Human Capital , https://ie.indeed.com/jobs?q=junior+web+developer&l=Dublin&start=80&vjk=7ab5aa40f045ad1b
Senior net Engineer, Allianz Ireland , https://ie.indeed.com/jobs?q=junior+web+developer&l=Dublin&start=80&vjk=2ca5ffb31631806d
Senior NET Developer, Harvey Nash Ireland , https://ie.indeed.com/jobs?q=junior+web+developer&l=Dublin&start=80&vjk=fc3374cba3a1f346
Senior QA Analyst, Eolas Recruitment , https://ie.indeed.com/jobs?q=junior+web+developer&l=Dublin&start=80&vjk=09d632ea67a143d0
Net Developers  Dublin City Centre, Reperio Human Capital , https://ie.indeed.com/jobs?q=junior+web+developer&l=Dublin&start=80&vjk=1bd2e16f543fee67
Senior C Net Developer  Dublin CC  SaaS, Reperio Human Capital , https://ie.indeed.com/jobs?q=junior+web+developer&l=Dublin&start=80&vjk=3d326f1cf797f532
C Net Developer  North Dublin, Reperio Human Capital , https://ie.indeed.com/jobs?q=junior+web+developer&l=Dublin&start=80&vjk=32256c3d9ef52001
MidLevel C Net Software Developer, Reperio Human Capital , https://ie.indeed.com/jobs?q=junior+web+developer&l=Dublin&start=80&vjk=26169295b56ac52d
Senior Java Developer, Reperio Human Capital , https://ie.indeed.com/jobs?q=junior+web+developer&l=Dublin&start=80&vjk=ff753299b4a7b77f
Junior Web Developer French ItalianGermanDutch, Manpower , https://ie.indeed.com/jobs?q=junior+web+developer&l=Dublin&start=80&vjk=0884cba4cfd3e2c5
Senior NET Developer, Harvey Nash Ireland , https://ie.indeed.com/jobs?q=junior+web+developer&l=Dublin&start=90&vjk=fc3374cba3a1f346
Senior QA Automation Engineer, Verizon , https://ie.indeed.com/jobs?q=junior+web+developer&l=Dublin&start=90&vjk=72d54eeb99e75a88
Senior QA Analyst, Eolas Recruitment , https://ie.indeed.com/jobs?q=junior+web+developer&l=Dublin&start=90&vjk=09d632ea67a143d0
Senior C Net Developer  Dublin CC  SaaS, Reperio Human Capital , https://ie.indeed.com/jobs?q=junior+web+developer&l=Dublin&start=90&vjk=3d326f1cf797f532
C Net Developer  North Dublin, Reperio Human Capital , https://ie.indeed.com/jobs?q=junior+web+developer&l=Dublin&start=90&vjk=32256c3d9ef52001
Net Developers  Dublin City Centre, Reperio Human Capital , https://ie.indeed.com/jobs?q=junior+web+developer&l=Dublin&start=90&vjk=1bd2e16f543fee67
Senior net Engineer, Allianz Ireland , https://ie.indeed.com/jobs?q=junior+web+developer&l=Dublin&start=90&vjk=2ca5ffb31631806d
MidLevel C Net Software Developer, Reperio Human Capital , https://ie.indeed.com/jobs?q=junior+web+developer&l=Dublin&start=90&vjk=26169295b56ac52d
Senior Java Developer, Reperio Human Capital , https://ie.indeed.com/jobs?q=junior+web+developer&l=Dublin&start=90&vjk=ff753299b4a7b77f
Junior Web Developer French ItalianGermanDutch, Manpower , https://ie.indeed.com/jobs?q=junior+web+developer&l=Dublin&start=90&vjk=0884cba4cfd3e2c5
