JUNIORSCRUMMASTERGLOBALFINTECHDUBLINCC,Sigmar Recruitment, https://www.irishjobs.ie/Jobs/JUNIOR-SCRUM-MASTER-GLOBAL-FINTECH-8273507.aspx
ScrumMasterWexfordPerm,Hartley People, https://www.irishjobs.ie/Jobs/Scrum-Master-Wexford-Perm-8271235.aspx
ScrumMasterDailyRateContract,Stelfox, https://www.irishjobs.ie/Jobs/Scrum-Master-Daily-Rate-Contract-8274280.aspx
ScrumMasterRoleWexford,Computer Futures, https://www.irishjobs.ie/Jobs/Scrum-Master-Role-Wexford-8273879.aspx
ScrumMasterBusinessAnalystContract,Reperio Human Capital Ltd, https://www.irishjobs.ie/Jobs/Scrum-Master-Business-Analyst-Contract-8280506.aspx
ScrumMaster,Nova Leah, https://www.irishjobs.ie/Jobs/Scrum-Master-8276188.aspx
ScrumMasterDublin,Firstaff Personnel Consultants Ltd, https://www.irishjobs.ie/Jobs/Scrum-Master-Dublin-8277896.aspx
ScrumMasterCorkContract,Reperio Human Capital Ltd, https://www.irishjobs.ie/Jobs/Scrum-Master-Cork-Contract-8279425.aspx
ScrumMaster,Version 1, https://www.irishjobs.ie/Jobs/Scrum-Master-8275077.aspx
ScrumMaster,Solas IT  Recruitment, https://www.irishjobs.ie/Jobs/Scrum-Master-8272127.aspx
ScrumMaster,AON Ireland, https://www.irishjobs.ie/Jobs/Scrum-Master-8278529.aspx
ScrumMaster,Reperio Human Capital Ltd, https://www.irishjobs.ie/Jobs/Scrum-Master-8271256.aspx
ScrumMasterMidlands,Recruiters â€“ Looking For You, https://www.irishjobs.ie/Jobs/Scrum-Master-Midlands-8271182.aspx
ScrumMaster,Experis, https://www.irishjobs.ie/Jobs/Scrum-Master-8270201.aspx
ScrumMaster,Collins McNicholas Recruitment & HR Services Group, https://www.irishjobs.ie/Jobs/Scrum-Master-8270176.aspx
ScrumMasterContractDublin,Computer People, https://www.irishjobs.ie/Jobs/Scrum-Master-Contract-Dublin-8275095.aspx
ProductOwnerSouthDublin,Archer Recruitment, https://www.irishjobs.ie/Jobs/Product-Owner-South-Dublin-8274833.aspx
SeniorTechnicalProjectManagerDublin,Etsy.com, https://www.irishjobs.ie/Jobs/Senior-Technical-Project-Manager-Dublin-8276491.aspx
ProjectManager,Computer Futures, https://www.irishjobs.ie/Jobs/Project-Manager-8279344.aspx
BusinessAnalystProductOwnerGlobalFintech,Archer Recruitment, https://www.irishjobs.ie/Jobs/Business-Analyst-Product-Owner-Global-8272156.aspx
SeniorSoftwareManagerJava,Osborne, https://www.irishjobs.ie/Jobs/Senior-Software-Manager-Java-8270971.aspx
SeniorJavaEngineerTechnicalLead,Experis, https://www.irishjobs.ie/Jobs/Senior-Java-Engineer-Technical-Lead-8275785.aspx
ProjectManager,Solas IT  Recruitment, https://www.irishjobs.ie/Jobs/Project-Manager-8274923.aspx
SoftwareDevelopmentEngineerIICOBOLCLCLLEandorRPGIBMiiSeriesAs400,Allegis Global Solutions, https://www.irishjobs.ie/Jobs/Software-Development-Engineer-II-COBOL-8275572.aspx
SoftwareDevelopmentEngineerIIJAVA,Allegis Global Solutions, https://www.irishjobs.ie/Jobs/Software-Development-Engineer-II-JAVA-8275570.aspx
