NETDevelopersFastGrowingTechNorthDublin,Oliver James Associates, https://www.irishjobs.ie/Jobs/NET-Developers-Fast-Growing-Tech-8275321.aspx
NetdeveloperGraduatesRequiredPermanent,Vantage Resources, https://www.irishjobs.ie/Jobs/Net-developer-Graduates-Required-Permanent-8281835.aspx
NetDeveloperContract,EOLAS – IT RECRUITMENT SPECIALISTS JOBS, https://www.irishjobs.ie/Jobs/Net-Developer-Contract-8275468.aspx
NetDeveloperCork,QPTech, https://www.irishjobs.ie/Jobs/Net-Developer-Cork-8281239.aspx
NetDeveloper,EOLAS – IT RECRUITMENT SPECIALISTS JOBS, https://www.irishjobs.ie/Jobs/Net-Developer-8274762.aspx
NETDeveloperCityCentre,Archer Recruitment, https://www.irishjobs.ie/Jobs/NET-Developer-City-Centre-8280861.aspx
NetDeveloper,Solas IT  Recruitment, https://www.irishjobs.ie/Jobs/Net-Developer-8273272.aspx
MidLevelNetDeveloper,Solas IT  Recruitment, https://www.irishjobs.ie/Jobs/Mid-Level-Net-Developer-8272721.aspx
NetDeveloperContract,Vantage Resources, https://www.irishjobs.ie/Jobs/Net-Developer-Contract-8279849.aspx
NetDeveloper,Solas IT  Recruitment, https://www.irishjobs.ie/Jobs/Net-Developer-8279602.aspx
NETDeveloper,Solas IT  Recruitment, https://www.irishjobs.ie/Jobs/NET-Developer-8272646.aspx
NetDeveloperContract,Solas IT  Recruitment, https://www.irishjobs.ie/Jobs/Net-Developer-Contract-8272292.aspx
NETDeveloperContract,Enterprise People – IT Recruitment Specialists, https://www.irishjobs.ie/Jobs/NET-Developer-Contract-8278372.aspx
NetDeveloper,Sabeo Contracting Services Limited, https://www.irishjobs.ie/Jobs/Net-Developer-8279080.aspx
NetDeveloperGlobalCompany,Principle, https://www.irishjobs.ie/Jobs/Net-Developer-Global-Company-8279073.aspx
NetDeveloper,Solas IT  Recruitment, https://www.irishjobs.ie/Jobs/Net-Developer-8272130.aspx
SeniorNETDevelopereCommerce,Archer Recruitment, https://www.irishjobs.ie/Jobs/Senior-NET-Developer-eCommerce-8281799.aspx
NETDeveloperDublinPermanent,REALTIME recruitment, https://www.irishjobs.ie/Jobs/NET-Developer-Dublin-Permanent-8271274.aspx
NetDeveloperCork,EOLAS – IT RECRUITMENT SPECIALISTS JOBS, https://www.irishjobs.ie/Jobs/Net-Developer-Cork-8271199.aspx
NetDeveloperContract,EOLAS – IT RECRUITMENT SPECIALISTS JOBS, https://www.irishjobs.ie/Jobs/Net-Developer-Contract-8277998.aspx
NETDeveloperContract,Berkley Recruitment Group, https://www.irishjobs.ie/Jobs/NET-Developer-Contract-8269439.aspx
MicrosoftNETDeveloper,Version 1, https://www.irishjobs.ie/Jobs/Microsoft-NET-Developer-8277459.aspx
MicrosoftNETDeveloper,Version 1, https://www.irishjobs.ie/Jobs/Microsoft-NET-Developer-8277367.aspx
NetDeveloperPermanent,Vantage Resources, https://www.irishjobs.ie/Jobs/Net-Developer-Permanent-8276874.aspx
CNetDeveloperContract,Reperio Human Capital Ltd, https://www.irishjobs.ie/Jobs/CSharp-Net-Developer-Contract-8274790.aspx
