JavaDeveloper,Version 1, https://www.irishjobs.ie/Jobs/Java-Developer-8277413.aspx
JavaDeveloperSupport,Version 1, https://www.irishjobs.ie/Jobs/Java-Developer-Support-8277393.aspx
JavaDeveloper,Solas IT  Recruitment, https://www.irishjobs.ie/Jobs/Java-Developer-8281979.aspx
JavaDeveloper,Solas IT  Recruitment, https://www.irishjobs.ie/Jobs/Java-Developer-8281894.aspx
JavaDeveloperContract,Vantage Resources, https://www.irishjobs.ie/Jobs/Java-Developer-Contract-8275045.aspx
JavaDeveloperAWSandMicroservices,Oliver James Associates, https://www.irishjobs.ie/Jobs/Java-Developer-AWS-and-Microservices-8275510.aspx
JavaDeveloper,Sigmar Recruitment, https://www.irishjobs.ie/Jobs/Java-Developer-8281761.aspx
JavaDeveloper,Trust in Soda, https://www.irishjobs.ie/Jobs/Java-Developer-8281713.aspx
JavaDeveloperRegTech,BearingPoint, https://www.irishjobs.ie/Jobs/Java-Developer-RegTech-8278324.aspx
AWSJavaDeveloper,Citco Group, https://www.irishjobs.ie/Jobs/AWS-Java-Developer-8272165.aspx
JAVADeveloper,Version 1, https://www.irishjobs.ie/Jobs/JAVA-Developer-8279552.aspx
JavaDeveloper,Pramerica Limited, https://www.irishjobs.ie/Jobs/Java-Developer-8270989.aspx
JavaDeveloper,Sanderson Recruitment (Ireland) Limited, https://www.irishjobs.ie/Jobs/Java-Developer-8273895.aspx
JavaDeveloper,Version 1, https://www.irishjobs.ie/Jobs/Java-Developer-8277369.aspx
JavaDeveloper,Morgan McKinley, https://www.irishjobs.ie/Jobs/Java-Developer-8274039.aspx
,Intercontinental Exchange (ICE), https://www.irishjobs.ie/Jobs/Java-Developer-8277476.aspx
JavaDeveloper,Reperio Human Capital Ltd, https://www.irishjobs.ie/Jobs/Java-Developer-8280496.aspx
JavaDeveloper,Bank of America Merrill Lynch, https://www.irishjobs.ie/Jobs/Java-Developer-8273052.aspx
JavaDeveloper,Abrivia Recruitment Specialists, https://www.irishjobs.ie/Jobs/Java-Developer-8280047.aspx
JavaDeveloperFullStack,Reperio Human Capital Ltd, https://www.irishjobs.ie/Jobs/Java-Developer-Full-Stack-8272870.aspx
JavaDeveloper,Next Generation, https://www.irishjobs.ie/Jobs/Java-Developer-8272600.aspx
SeniorJavaDeveloper,Overstock.com, https://www.irishjobs.ie/Jobs/Senior-Java-Developer-8275877.aspx
SeniorJavaDeveloper,Nova Leah, https://www.irishjobs.ie/Jobs/Senior-Java-Developer-8272269.aspx
JavaDeveloper,Berkley Recruitment Group, https://www.irishjobs.ie/Jobs/Java-Developer-8271472.aspx
JavaDeveloper,Solas IT  Recruitment, https://www.irishjobs.ie/Jobs/Java-Developer-8272126.aspx
