DataScientist,Glanbia, https://www.irishjobs.ie/Jobs/Data-Scientist-8272713.aspx
DataScientist,Next Generation, https://www.irishjobs.ie/Jobs/Data-Scientist-8275121.aspx
SummerInternDataScientist,First Data, https://www.irishjobs.ie/Jobs/Summer-Intern-Data-Scientist-8278059.aspx
MachineLearningDataScientist,Next Generation, https://www.irishjobs.ie/Jobs/Machine-Learning-Data-Scientist-8274605.aspx
MidLevelDataScientist,First Data, https://www.irishjobs.ie/Jobs/Mid-Level-Data-Scientist-8278060.aspx
DataScientist,Musgrave Group, https://www.irishjobs.ie/Jobs/Data-Scientist-8280354.aspx
DataScientist,Reperio Human Capital Ltd, https://www.irishjobs.ie/Jobs/Data-Scientist-8280438.aspx
DataScientistContractGreatDayRate,Reperio Human Capital Ltd, https://www.irishjobs.ie/Jobs/Data-Scientist-Contract-Great-Day-8273196.aspx
DataScientist,Computer Futures, https://www.irishjobs.ie/Jobs/Data-Scientist-8271983.aspx
DataScientist,Archer Recruitment, https://www.irishjobs.ie/Jobs/Data-Scientist-8278182.aspx
DataScientistDataAnalyticsRShiny,Irish Recruitment Consultants, https://www.irishjobs.ie/Jobs/Data-Scientist-Data-Analytics-R-8278219.aspx
DataAnalystDataScientist,Principle, https://www.irishjobs.ie/Jobs/Data-Analyst-Data-Scientist-8282535.aspx
DataAnalyticsConsultantDataScientist,PwC, https://www.irishjobs.ie/Jobs/Data-Analytics-Consultant-Data-Scientist-8279281.aspx
JuniorDataScientist,Reperio Human Capital Ltd, https://www.irishjobs.ie/Jobs/Junior-Data-Scientist-8280505.aspx
DataScientistDeveloper,Torc Consulting Group, https://www.irishjobs.ie/Jobs/Data-Scientist-Developer-8280632.aspx
SeniorDataScientistFraudAnalytics,Archer Recruitment, https://www.irishjobs.ie/Jobs/Senior-Data-Scientist-Fraud-Analytics-8269575.aspx
,FBD Group, https://www.irishjobs.ie/Jobs/Business-Intelligence-Analyst-8276784.aspx
,Childrenâ€™s Health Ireland, https://www.irishjobs.ie/Jobs/Business-Intelligence-Analyst-8273362.aspx
DataAnalystFundsIndustry,Savvi Recruitment Consultants, https://www.irishjobs.ie/Jobs/Data-Analyst-Funds-Industry-8282506.aspx
DataAnalystInnovationCentre,Archer Recruitment, https://www.irishjobs.ie/Jobs/Data-Analyst-Innovation-Centre-8275712.aspx
,Eurofins Biopharma Product Testing Ireland Ltd, https://www.irishjobs.ie/Jobs/Group-Lead-Technical-Scientist-Cork-8272249.aspx
DataAnalystGoogleAnalytics,REALTIME recruitment, https://www.irishjobs.ie/Jobs/Data-Analyst-Google-Analytics-8275844.aspx
,Cook Medical, https://www.irishjobs.ie/Jobs/Data-Engineer-8282331.aspx
,Cook Medical, https://www.irishjobs.ie/Jobs/Data-Engineer-8282324.aspx
O2CReportingAnalyst,Pfizer Ireland Pharmaceuticals, https://www.irishjobs.ie/Jobs/O2C-Reporting-Analyst-8282142.aspx
