JAVADeveloper,Version 1, https://www.irishjobs.ie/Jobs/JAVA-Developer-8279552.aspx?p=1|application_confirmed
JavaDeveloper,Reperio Human Capital Ltd, https://www.irishjobs.ie/Jobs/Java-Developer-8280496.aspx
JavaDeveloperFullstack,Reperio Human Capital Ltd, https://www.irishjobs.ie/Jobs/Java-Developer-Fullstack-8270463.aspx
SeniorJavaDeveloper,Berkley Recruitment Group, https://www.irishjobs.ie/Jobs/Senior-Java-Developer-8272357.aspx
SeniorJavaDeveloperDublin,Reperio Human Capital Ltd, https://www.irishjobs.ie/Jobs/Senior-Java-Developer-Dublin-8279474.aspx
GraduateJavaSoftwareEngineer,CareerZone Limited, https://www.irishjobs.ie/Jobs/Graduate-Java-Software-Engineer-8274343.aspx
SeniorJavaDeveloperSpringAngular,Reperio Human Capital Ltd, https://www.irishjobs.ie/Jobs/Senior-Java-Developer-Spring-Angular-8277499.aspx
GraduateQAEngineerSoftwareDeveloperinTest,fire.com, https://www.irishjobs.ie/Jobs/Graduate-QA-Engineer-Software-Developer-8271542.aspx
JavaTechLeadContractor,Reperio Human Capital Ltd, https://www.irishjobs.ie/Jobs/Java-Tech-Lead-Contractor-8273402.aspx
JuniorSoftwareDeveloper,Virgin Media, https://www.irishjobs.ie/Jobs/Junior-Software-Developer-8268930.aspx
JuniorSoftwareEngineer,Solas IT  Recruitment, https://www.irishjobs.ie/Jobs/Junior-Software-Engineer-8275264.aspx
AndroidDeveloperOnlineMedia,Recruiters â€“ Looking For You, https://www.irishjobs.ie/Jobs/Android-Developer-Online-Media-8275044.aspx
JavaDeveloperRegTech,BearingPoint, https://www.irishjobs.ie/Jobs/Java-Developer-RegTech-8278324.aspx
AWSJavaDeveloper,Citco Group, https://www.irishjobs.ie/Jobs/AWS-Java-Developer-8272165.aspx
JavaDeveloper,Pramerica Limited, https://www.irishjobs.ie/Jobs/Java-Developer-8270989.aspx
JavaDeveloper,Sanderson Recruitment (Ireland) Limited, https://www.irishjobs.ie/Jobs/Java-Developer-8273895.aspx
JavaDeveloper,Version 1, https://www.irishjobs.ie/Jobs/Java-Developer-8277369.aspx
JavaDeveloper,Morgan McKinley, https://www.irishjobs.ie/Jobs/Java-Developer-8274039.aspx
JavaDeveloperSupport,Version 1, https://www.irishjobs.ie/Jobs/Java-Developer-Support-8277393.aspx
JavaDeveloper,Version 1, https://www.irishjobs.ie/Jobs/Java-Developer-8277413.aspx
,Intercontinental Exchange (ICE), https://www.irishjobs.ie/Jobs/Java-Developer-8277476.aspx
JavaDeveloper,Bank of America Merrill Lynch, https://www.irishjobs.ie/Jobs/Java-Developer-8273052.aspx
JavaDeveloper,Abrivia Recruitment Specialists, https://www.irishjobs.ie/Jobs/Java-Developer-8280047.aspx
JavaDeveloperFullStack,Reperio Human Capital Ltd, https://www.irishjobs.ie/Jobs/Java-Developer-Full-Stack-8272870.aspx
JavaDeveloper,Next Generation, https://www.irishjobs.ie/Jobs/Java-Developer-8272600.aspx
