JuniorDataScientist,Reperio Human Capital Ltd, https://www.irishjobs.ie/Jobs/Junior-Data-Scientist-8280505.aspx
DataAnalyticsConsultantDataScientist,PwC, https://www.irishjobs.ie/Jobs/Data-Analytics-Consultant-Data-Scientist-8279281.aspx
DataScientist,Glanbia, https://www.irishjobs.ie/Jobs/Data-Scientist-8272713.aspx
DataScientist,Next Generation, https://www.irishjobs.ie/Jobs/Data-Scientist-8275121.aspx
SummerInternDataScientist,First Data, https://www.irishjobs.ie/Jobs/Summer-Intern-Data-Scientist-8278059.aspx
MachineLearningDataScientist,Next Generation, https://www.irishjobs.ie/Jobs/Machine-Learning-Data-Scientist-8274605.aspx
MidLevelDataScientist,First Data, https://www.irishjobs.ie/Jobs/Mid-Level-Data-Scientist-8278060.aspx
DataScientist,Musgrave Group, https://www.irishjobs.ie/Jobs/Data-Scientist-8280354.aspx
DataScientist,Reperio Human Capital Ltd, https://www.irishjobs.ie/Jobs/Data-Scientist-8280438.aspx
DataScientistContractGreatDayRate,Reperio Human Capital Ltd, https://www.irishjobs.ie/Jobs/Data-Scientist-Contract-Great-Day-8273196.aspx
DataScientist,Computer Futures, https://www.irishjobs.ie/Jobs/Data-Scientist-8271983.aspx
DataScientist,Archer Recruitment, https://www.irishjobs.ie/Jobs/Data-Scientist-8278182.aspx
DataScientistDataAnalyticsRShiny,Irish Recruitment Consultants, https://www.irishjobs.ie/Jobs/Data-Scientist-Data-Analytics-R-8278219.aspx
DataScientistDeveloper,Torc Consulting Group, https://www.irishjobs.ie/Jobs/Data-Scientist-Developer-8280632.aspx
SeniorDataScientistFraudAnalytics,Archer Recruitment, https://www.irishjobs.ie/Jobs/Senior-Data-Scientist-Fraud-Analytics-8269575.aspx
DataScienceTeamManager,First Data, https://www.irishjobs.ie/Jobs/Data-Science-Team-Manager-8278770.aspx
ApplicationDevelopersAllLevels,First Data, https://www.irishjobs.ie/Jobs/Application-Developers-All-Levels-8278052.aspx
SummerInternApplicationDeveloper,First Data, https://www.irishjobs.ie/Jobs/Summer-Intern-Application-Developer-8278769.aspx
SASConsultantSASAnalyst,@Recruit IT, https://www.irishjobs.ie/Jobs/SAS-Consultant-SAS-Analyst-8281636.aspx
ProductManagerCompliance,First Data, https://www.irishjobs.ie/Jobs/Product-Manager-Compliance-8278063.aspx
ProductManagerOwner,Cpl Resources, https://www.irishjobs.ie/Jobs/Product-Manager-Owner-8281851.aspx
UXUIDevelopersFrontendAllLevels,First Data, https://www.irishjobs.ie/Jobs/UX-UI-Developers-Front-end-8278054.aspx
ProductManagerProductOwner,First Data, https://www.irishjobs.ie/Jobs/Product-Manager-Product-Owner-8279897.aspx
MachineLearningScientistSligo,Collins McNicholas Recruitment & HR Services Group, https://www.irishjobs.ie/Jobs/Machine-Learning-Scientist-Sligo-8270562.aspx
,AIB Merchant Services, https://www.irishjobs.ie/Jobs/Product-Manager-Product-Owner-8279898.aspx
