JavaDeveloper,Reperio Human Capital Ltd, https://www.irishjobs.ie/Jobs/Java-Developer-8280496.aspx
JavaDeveloperFullstack,Reperio Human Capital Ltd, https://www.irishjobs.ie/Jobs/Java-Developer-Fullstack-8270463.aspx
SeniorJavaDeveloperDublin,Reperio Human Capital Ltd, https://www.irishjobs.ie/Jobs/Senior-Java-Developer-Dublin-8279474.aspx
SeniorJavaDeveloperSpringAngular,Reperio Human Capital Ltd, https://www.irishjobs.ie/Jobs/Senior-Java-Developer-Spring-Angular-8277499.aspx
GraduateJavaSoftwareEngineer,CareerZone Limited, https://www.irishjobs.ie/Jobs/Graduate-Java-Software-Engineer-8274343.aspx
JavaTechLeadContractor,Reperio Human Capital Ltd, https://www.irishjobs.ie/Jobs/Java-Tech-Lead-Contractor-8273402.aspx
JuniorSoftwareEngineer,Solas IT  Recruitment, https://www.irishjobs.ie/Jobs/Junior-Software-Engineer-8275264.aspx
AndroidDeveloperOnlineMedia,Recruiters – Looking For You, https://www.irishjobs.ie/Jobs/Android-Developer-Online-Media-8275044.aspx
JavaDeveloper,Morgan McKinley, https://www.irishjobs.ie/Jobs/Java-Developer-8274039.aspx
JavaDeveloper,Abrivia Recruitment Specialists, https://www.irishjobs.ie/Jobs/Java-Developer-8280047.aspx
JavaDeveloperFullStack,Reperio Human Capital Ltd, https://www.irishjobs.ie/Jobs/Java-Developer-Full-Stack-8272870.aspx
JavaDeveloper,Next Generation, https://www.irishjobs.ie/Jobs/Java-Developer-8272600.aspx
JavaDeveloper,Solas IT  Recruitment, https://www.irishjobs.ie/Jobs/Java-Developer-8272126.aspx
JavaDeveloperWithaBackendFocus,Recruiters – Looking For You, https://www.irishjobs.ie/Jobs/Java-Developer-With-a-Backend-8278855.aspx
JavaDeveloperFintech,@Recruit IT, https://www.irishjobs.ie/Jobs/Java-Developer-Fintech-8278283.aspx
JavaDeveloper,Mason Alexander, https://www.irishjobs.ie/Jobs/Java-Developer-8271166.aspx
JavaDeveloperContract,EOLAS – IT RECRUITMENT SPECIALISTS JOBS, https://www.irishjobs.ie/Jobs/Java-Developer-Contract-8277995.aspx
JavaDevelopersDublin,Sigmar Recruitment, https://www.irishjobs.ie/Jobs/Java-Developers-Dublin-8277079.aspx
JavaDevelopertogainMicroservices,Archer Recruitment, https://www.irishjobs.ie/Jobs/Java-Developer-to-gain-Microservices-8276323.aspx
JavaDeveloper,REALTIME recruitment, https://www.irishjobs.ie/Jobs/Java-Developer-8276235.aspx
JavaDeveloperMidLevel,Reperio Human Capital Ltd, https://www.irishjobs.ie/Jobs/Java-Developer-Mid-Level-8276252.aspx
JavaDeveloperAWSandMicroservices,Oliver James Associates, https://www.irishjobs.ie/Jobs/Java-Developer-AWS-and-Microservices-8275510.aspx
SeniorJavaDeveloper,Reperio Human Capital Ltd, https://www.irishjobs.ie/Jobs/Senior-Java-Developer-8273490.aspx
JavaDeveloperContract,Vantage Resources, https://www.irishjobs.ie/Jobs/Java-Developer-Contract-8275045.aspx
SeniorJavaDeveloper,Abrivia Recruitment Specialists, https://www.irishjobs.ie/Jobs/Senior-Java-Developer-8273241.aspx
