FrontendWebDeveloperJavaScriptHTML5CSS3,Archer Recruitment, https://www.irishjobs.ie/Jobs/Frontend-Web-Developer-JavaScript-HTML5-8282493.aspx
JuniornetSharePointDeveloper,Spanish Point Technologies, https://www.irishjobs.ie/Jobs/Junior-net-SharePoint-Developer-8282227.aspx
,Codec, https://www.irishjobs.ie/Jobs/Website-Developer-Drupal-8279523.aspx
WebProgrammerDeveloper,DFM Systems, https://www.irishjobs.ie/Jobs/Web-Programmer-Developer-8279005.aspx
DigitalServicesPrincipalDeveloper,Aer Lingus, https://www.irishjobs.ie/Jobs/Digital-Services-Principal-Developer-8279839.aspx
,Zurich, https://www.irishjobs.ie/Jobs/FullStack-Web-Developer-Java-And-8276141.aspx
WebDeveloper,Johnson Controls, https://www.irishjobs.ie/Jobs/Web-Developer-8278641.aspx
FrontendWebDeveloper,LINCOLN RECRUITMENT SPECIALISTS, https://www.irishjobs.ie/Jobs/Frontend-Web-Developer-8281732.aspx
JavaScriptDeveloperinDrogheda,Recruit First IT, https://www.irishjobs.ie/Jobs/JavaScript-Developer-in-Drogheda-8282460.aspx
FrontEndDeveloper,EOLAS – IT RECRUITMENT SPECIALISTS JOBS, https://www.irishjobs.ie/Jobs/Front-End-Developer-8276269.aspx
UIDeveloperInnovativeTravelPlatform,Stelfox, https://www.irishjobs.ie/Jobs/UI-Developer-Innovative-Travel-Platform-8282079.aspx
JuniorSoftwareDeveloper,Trust in Soda, https://www.irishjobs.ie/Jobs/Junior-Software-Developer-8274798.aspx
FrontEndDeveloper,Trust in Soda, https://www.irishjobs.ie/Jobs/Front-End-Developer-8278124.aspx
JuniorSoftwareDeveloper,Kerry, https://www.irishjobs.ie/Jobs/Junior-Software-Developer-8276101.aspx
FrontEndDeveloper,Overstock.com, https://www.irishjobs.ie/Jobs/Front-End-Developer-8271422.aspx
FullStackDeveloperPHPLaravelAWS65000,LINCOLN RECRUITMENT SPECIALISTS, https://www.irishjobs.ie/Jobs/Full-Stack-Developer-PHP-Laravel-8281719.aspx
BackendtoFrontendEngineerReact,Archer Recruitment, https://www.irishjobs.ie/Jobs/Backend-to-Frontend-Engineer-React-8275020.aspx
FullStackDeveloper,EOLAS – IT RECRUITMENT SPECIALISTS JOBS, https://www.irishjobs.ie/Jobs/Full-Stack-Developer-8276264.aspx
BackEndDeveloper,Pramerica Limited, https://www.irishjobs.ie/Jobs/Back-End-Developer-8272671.aspx
SeniorSoftwareDeveloperX2ASPNet,Trust in Soda, https://www.irishjobs.ie/Jobs/Senior-Software-Developer-X-2-8273474.aspx
ASPNetDeveloperX2NorthDublin,Trust in Soda, https://www.irishjobs.ie/Jobs/ASP-Net-Developer-X-2-8278156.aspx
FrontEndDeveloper,Solas IT  Recruitment, https://www.irishjobs.ie/Jobs/Front-End-Developer-8275387.aspx
FrontEndDeveloper,Computer Futures, https://www.irishjobs.ie/Jobs/Front-End-Developer-8275537.aspx
SeniorFrontendDeveloperOnlineMedia,Recruiters – Looking For You, https://www.irishjobs.ie/Jobs/Senior-Front-end-Developer-Online-8275218.aspx
JavaScriptDeveloper,Pramerica Limited, https://www.irishjobs.ie/Jobs/JavaScript-Developer-8272031.aspx
