AIDeveloper,Computer Futures, https://www.irishjobs.ie/Jobs/AI-Developer-8283619.aspx
SoftwareDeveloper,Virgin Media, https://www.irishjobs.ie/Jobs/Software-Developer-8283446.aspx
JuniorSoftwareDeveloper,Virgin Media, https://www.irishjobs.ie/Jobs/Junior-Software-Developer-8283442.aspx
SeniorSoftwareEngineeringDirectorNET,GKR Search & Selection, https://www.irishjobs.ie/Jobs/Senior-Software-Engineering-Director-NET-8281319.aspx
SoftwareDeveloperC,FRS Recruitment, https://www.irishjobs.ie/Jobs/Software-Developer-CSharp-8273560.aspx
FullStackSoftwareDeveloper,FRS Recruitment, https://www.irishjobs.ie/Jobs/Full-Stack-Software-Developer-8273253.aspx
DevOpsDeveloper,Virgin Media, https://www.irishjobs.ie/Jobs/DevOps-Developer-8283444.aspx
UXProductDesigner,Workday, https://www.irishjobs.ie/Jobs/UX-Product-Designer-8270266.aspx
FullStackJavaDeveloper,Morgan McKinley, https://www.irishjobs.ie/Jobs/Full-Stack-Java-Developer-8282788.aspx
DeepLearningRTOSEngineer,Intel, https://www.irishjobs.ie/Jobs/Deep-Learning-RTOS-Engineer-8283284.aspx
FrontendDeveloperGalway,WG Reach, https://www.irishjobs.ie/Jobs/Frontend-Developer-Galway-8278247.aspx
FullStackDeveloper,Solas IT  Recruitment, https://www.irishjobs.ie/Jobs/Full-Stack-Developer-8272625.aspx
FullStackDeveloperCLimerick,QPTech, https://www.irishjobs.ie/Jobs/Full-Stack-Developer-CSharp-Limerick-8280643.aspx
InternalProgrammeManagerPMOsetupforascalingsoftwarecompanyintheheartofDublinCity,Recruiters – Looking For You, https://www.irishjobs.ie/Jobs/Internal-Programme-Manager-PMO-setup-8276705.aspx
ContractSeniorDataEngineerScala,Stelfox, https://www.irishjobs.ie/Jobs/Contract-Senior-Data-Engineer-Scala-8280657.aspx
PLSQLDeveloper,Computer Futures, https://www.irishjobs.ie/Jobs/PL-SQL-Developer-8274962.aspx
ContractPLSQLDeveloper,EOLAS – IT RECRUITMENT SPECIALISTS JOBS, https://www.irishjobs.ie/Jobs/Contract-PL-SQL-Developer-8280551.aspx
SoftwareEngineer,Onionsack, https://www.irishjobs.ie/Jobs/Software-Engineer-8277032.aspx
SoftwareEngineer,BD Medical, https://www.irishjobs.ie/Jobs/Software-Engineer-8283184.aspx
SoftwareEngineer,DELL, https://www.irishjobs.ie/Jobs/Software-Engineer-8277937.aspx
SoftwareEngineerEmbedded,BD Medical, https://www.irishjobs.ie/Jobs/Software-Engineer-Embedded-8283148.aspx
SoftwareEngineerCork,Berkley Recruitment Group, https://www.irishjobs.ie/Jobs/Software-Engineer-Cork-8283076.aspx
SoftwareEngineer,Harvey Nash, https://www.irishjobs.ie/Jobs/Software-Engineer-8282141.aspx
SoftwareEngineerGalwayContractor,Cpl Resources, https://www.irishjobs.ie/Jobs/Software-Engineer-Galway-Contractor-8282089.aspx
,Crest Solutions, https://www.irishjobs.ie/Jobs/Software-Engineer-8275363.aspx
