SoftwareManagerITDelivery,Clarion Consulting, https://www.irishjobs.ie/Jobs/Software-Manager-IT-Delivery-8278479.aspx?p=1|application_confirmed
SoftwareDeveloper,Prepaid Financial Services Ltd, https://www.irishjobs.ie/Jobs/Software-Developer-8274504.aspx?p=2|application_confirmed
UXProductDesigner,Workday, https://www.irishjobs.ie/Jobs/UX-Product-Designer-8270266.aspx
SoftwareEngineertestautomation,Susquehanna International Group Limited, https://www.irishjobs.ie/Jobs/Software-Engineer-test-automation-8270171.aspx
SoftwareEngineerJavaAssociate,JP Morgan, https://www.irishjobs.ie/Jobs/Software-Engineer-Java-Associate-8272840.aspx
SeniorSoftwareEngineerDevOpsinCloudOrchestration,Workday, https://www.irishjobs.ie/Jobs/Senior-Software-Engineer-DevOps-in-8270263.aspx
FrontendSoftwareEngineerMessaging,Synchronoss Technologies, https://www.irishjobs.ie/Jobs/Frontend-Software-Engineer-Messaging-8280111.aspx
SeniorSoftwareEngineer,Workday, https://www.irishjobs.ie/Jobs/Senior-Software-Engineer-8270264.aspx
SeniorSoftwareEngineerComputeTeamDublin,Etsy.com, https://www.irishjobs.ie/Jobs/Senior-Software-Engineer-Compute-Team-8276514.aspx
SeniorSoftwareEngineer,Globoforce, https://www.irishjobs.ie/Jobs/Senior-Software-Engineer-8271836.aspx
SoftwareDevelopmentEngineer,Anam, https://www.irishjobs.ie/Jobs/Software-Development-Engineer-8273703.aspx
SoftwareDeveloperopportunitytolearnBlockchain,Deloitte, https://www.irishjobs.ie/Jobs/Software-Developer-opportunity-to-learn-8273816.aspx
SoftwareDeveloper,Aspira, https://www.irishjobs.ie/Jobs/Software-Developer-8275355.aspx
PythonSoftwareDeveloperSportsandGeopoliticalAnalytics,Susquehanna International Group Limited, https://www.irishjobs.ie/Jobs/Python-Software-Developer-Sports-and-8270213.aspx
NETSoftwareDeveloper,BearingPoint, https://www.irishjobs.ie/Jobs/NET-Software-Developer-8276433.aspx
GraduateQAEngineerSoftwareDeveloperinTest,fire.com, https://www.irishjobs.ie/Jobs/Graduate-QA-Engineer-Software-Developer-8271542.aspx
ProjectManagerSoftwareDevelopment,Version 1, https://www.irishjobs.ie/Jobs/Project-Manager-Software-Development-8277348.aspx
SeniorFrontendDeveloperRemoteBased,1 Spatial, https://www.irishjobs.ie/Jobs/Senior-Frontend-Developer-Remote-Based-8277812.aspx
SENIORJAVADEVELOPEREnterpriseBackend,Synchronoss Technologies, https://www.irishjobs.ie/Jobs/SENIOR-JAVA-DEVELOPER-Enterprise-Backend-8280110.aspx
LeadNetDeveloper,Cornmarket, https://www.irishjobs.ie/Jobs/Lead-Net-Developer-8280314.aspx
SeniorJavaApplicationDeveloper,Elavon, https://www.irishjobs.ie/Jobs/Senior-Java-Application-Developer-8277436.aspx
UXDeveloper,Dublin City University, https://www.irishjobs.ie/Jobs/UX-Developer-8280198.aspx
FullStackDeveloper,Dublin City University, https://www.irishjobs.ie/Jobs/Full-Stack-Developer-8280196.aspx
MobileDeveloper,Dublin City University, https://www.irishjobs.ie/Jobs/Mobile-Developer-8280193.aspx
OracleDeveloper,Aspira, https://www.irishjobs.ie/Jobs/Oracle-Developer-8276880.aspx
