CNETSoftwareEngineerAssociate,JP Morgan, https://www.irishjobs.ie/Jobs/CSharp-NET-Software-Engineer-Associate-8281383.aspx?p=1|application_confirmed
JuniorNetDeveloper,Solas IT  Recruitment, https://www.irishjobs.ie/Jobs/Junior-Net-Developer-8272712.aspx
JuniornetSharePointDeveloper,Spanish Point Technologies, https://www.irishjobs.ie/Jobs/Junior-net-SharePoint-Developer-8282227.aspx
JuniorMidLevelNetDeveloper,Solas IT  Recruitment, https://www.irishjobs.ie/Jobs/Junior-Mid-Level-Net-Developer-8279811.aspx
MicrosoftNetDeveloperBelfastContract,Version 1, https://www.irishjobs.ie/Jobs/Microsoft-Net-Developer-Belfast-Contract-8283472.aspx?hl=5|application_confirmed
MicrosoftNetDeveloperBelfastContract,Version 1, https://www.irishjobs.ie/Jobs/Microsoft-Net-Developer-Belfast-Contract-8283403.aspx
MicrosoftNETDeveloper,Version 1, https://www.irishjobs.ie/Jobs/Microsoft-NET-Developer-8283235.aspx
MicrosoftNETDeveloper,Version 1, https://www.irishjobs.ie/Jobs/Microsoft-NET-Developer-8277459.aspx
MicrosoftNETDeveloper,Version 1, https://www.irishjobs.ie/Jobs/Microsoft-NET-Developer-8277367.aspx
NETDeveloper,Solas IT  Recruitment, https://www.irishjobs.ie/Jobs/NET-Developer-8272646.aspx
CNETDeveloper13yearsexperience,Deloitte, https://www.irishjobs.ie/Jobs/CSharp-NET-Developer-1-3-8271187.aspx
SeniorNetDeveloper,Solas IT  Recruitment, https://www.irishjobs.ie/Jobs/Senior-Net-Developer-8272284.aspx
,j2 Global Ireland Ltd, https://www.irishjobs.ie/Jobs/Senior-Software-Engineer-Net-8275451.aspx
MidLevelCNetSoftwareDeveloperDublinX3,Reperio Human Capital Ltd, https://www.irishjobs.ie/Jobs/Mid-Level-CSharp-Net-Software-8273499.aspx
SeniorDeveloper,Experis, https://www.irishjobs.ie/Jobs/Senior-Developer-8270533.aspx
NetDeveloperContract,EOLAS – IT RECRUITMENT SPECIALISTS JOBS, https://www.irishjobs.ie/Jobs/Net-Developer-Contract-8277998.aspx
NetDeveloperCork,EOLAS – IT RECRUITMENT SPECIALISTS JOBS, https://www.irishjobs.ie/Jobs/Net-Developer-Cork-8283543.aspx
NetDeveloperDublin,Berkley Recruitment Group, https://www.irishjobs.ie/Jobs/Net-Developer-Dublin-8283102.aspx
NETDeveloperImmediateStart,Berkley Recruitment Group, https://www.irishjobs.ie/Jobs/NET-Developer-Immediate-Start-8283081.aspx
NetDeveloperPermanent,Vantage Resources, https://www.irishjobs.ie/Jobs/Net-Developer-Permanent-8276874.aspx
NetDeveloper,Solas IT  Recruitment, https://www.irishjobs.ie/Jobs/Net-Developer-8276220.aspx
NETDeveloper,EOLAS – IT RECRUITMENT SPECIALISTS JOBS, https://www.irishjobs.ie/Jobs/NET-Developer-8276260.aspx
NetDeveloper,Solas IT  Recruitment, https://www.irishjobs.ie/Jobs/Net-Developer-8275793.aspx
NetdeveloperGraduatesRequiredPermanent,Vantage Resources, https://www.irishjobs.ie/Jobs/Net-developer-Graduates-Required-Permanent-8281835.aspx
NETDevelopersFastGrowingTechNorthDublin,Oliver James Associates, https://www.irishjobs.ie/Jobs/NET-Developers-Fast-Growing-Tech-8275321.aspx
