FullStackJavaDeveloper,Sigmar Recruitment, https://www.irishjobs.ie/Jobs/Full-Stack-Java-Developer-8277560.aspx
SeniorFullStackNodeContract,Mason Alexander, https://www.irishjobs.ie/Jobs/Senior-Full-Stack-Node-Contract-8277926.aspx
FullStackDeveloper,Dublin City University, https://www.irishjobs.ie/Jobs/Full-Stack-Developer-8280196.aspx
SalesExecutiveFullStackITSolutions,Reperio Human Capital Ltd, https://www.irishjobs.ie/Jobs/Sales-Executive-Full-Stack-IT-8283034.aspx
FullStackJavaDeveloper,Morgan McKinley, https://www.irishjobs.ie/Jobs/Full-Stack-Java-Developer-8282788.aspx
FullStackJavaDeveloper,REALTIME recruitment, https://www.irishjobs.ie/Jobs/Full-Stack-Java-Developer-8276234.aspx
FullStackJavaDeveloperAngular,REALTIME recruitment, https://www.irishjobs.ie/Jobs/Full-Stack-Java-Developer-Angular-8276231.aspx
FullStackDeveloper,EOLAS – IT RECRUITMENT SPECIALISTS JOBS, https://www.irishjobs.ie/Jobs/Full-Stack-Developer-8276264.aspx
FullStackJavaDeveloperOnlineMedia,Recruiters – Looking For You, https://www.irishjobs.ie/Jobs/Full-Stack-Java-Developer-Online-8275103.aspx
FullStackDeveloperPHPLaravelAWS65000,LINCOLN RECRUITMENT SPECIALISTS, https://www.irishjobs.ie/Jobs/Full-Stack-Developer-PHP-Laravel-8281719.aspx
JavaSoftwareEngineerFullStackDeveloperJ2EEDeveloper,Deloitte, https://www.irishjobs.ie/Jobs/Java-Software-Engineer-Full-Stack-8281364.aspx
FullStackDeveloper,Capgemini Ireland Ltd, https://www.irishjobs.ie/Jobs/Full-Stack-Developer-8281221.aspx
FullStackDeveloper,Reperio Human Capital Ltd, https://www.irishjobs.ie/Jobs/Full-Stack-Developer-8274803.aspx
FullStackPHPDeveloper,EOLAS – IT RECRUITMENT SPECIALISTS JOBS, https://www.irishjobs.ie/Jobs/Full-Stack-PHP-Developer-8274669.aspx
FullStackEngineerAutomatedThreatDetectionPlatform,Recruiters – Looking For You, https://www.irishjobs.ie/Jobs/Full-Stack-Engineer-Automated-Threat-8280882.aspx
FullStackJavaDeveloper,Brightwater, https://www.irishjobs.ie/Jobs/Full-Stack-Java-Developer-8273956.aspx
FullStackDeveloper6monthContract,REALTIME recruitment, https://www.irishjobs.ie/Jobs/Full-Stack-Developer-6-month-8274107.aspx
FullStackWebDeveloperRemoteWorking,Webrecruit Ireland, https://www.irishjobs.ie/Jobs/Full-Stack-Web-Developer-Remote-8280631.aspx
FullStackDeveloper,REALTIME recruitment, https://www.irishjobs.ie/Jobs/Full-Stack-Developer-8280670.aspx
FullStackDeveloperCLimerick,QPTech, https://www.irishjobs.ie/Jobs/Full-Stack-Developer-CSharp-Limerick-8280643.aspx
FullStackWebDeveloper,Berkley Recruitment Group, https://www.irishjobs.ie/Jobs/Full-Stack-Web-Developer-8273571.aspx
FullStackDeveloperinWicklow,Recruit First IT, https://www.irishjobs.ie/Jobs/Full-Stack-Developer-in-Wicklow-8280407.aspx
FullStackSoftwareDeveloper,FRS Recruitment, https://www.irishjobs.ie/Jobs/Full-Stack-Software-Developer-8273253.aspx
FullStackDeveloper,Solas IT  Recruitment, https://www.irishjobs.ie/Jobs/Full-Stack-Developer-8272625.aspx
JavaDeveloperFullStack,Reperio Human Capital Ltd, https://www.irishjobs.ie/Jobs/Java-Developer-Full-Stack-8272870.aspx
