SoftwareDeveloper,Prepaid Financial Services Ltd, https://www.irishjobs.ie/Jobs/Software-Developer-8274504.aspx?p=1|application_confirmed
MobileDeveloper,Dublin City University, https://www.irishjobs.ie/Jobs/Mobile-Developer-8280193.aspx
SoftwareEngineerJavaAssociate,JP Morgan, https://www.irishjobs.ie/Jobs/Software-Engineer-Java-Associate-8272840.aspx
SoftwareDeveloperopportunitytolearnBlockchain,Deloitte, https://www.irishjobs.ie/Jobs/Software-Developer-opportunity-to-learn-8273816.aspx
FullStackDeveloper,Dublin City University, https://www.irishjobs.ie/Jobs/Full-Stack-Developer-8280196.aspx
MicrosoftNETDeveloper,Version 1, https://www.irishjobs.ie/Jobs/Microsoft-NET-Developer-8277459.aspx
SeniorSoftwareEngineerDevOpsinCloudOrchestration,Workday, https://www.irishjobs.ie/Jobs/Senior-Software-Engineer-DevOps-in-8270263.aspx
SeniorSoftwareEngineer,Workday, https://www.irishjobs.ie/Jobs/Senior-Software-Engineer-8270264.aspx
iOSAppDeveloper,fire.com, https://www.irishjobs.ie/Jobs/iOS-App-Developer-8271546.aspx?hl=9|application_confirmed
SeniorSoftwareEngineerComputeTeamDublin,Etsy.com, https://www.irishjobs.ie/Jobs/Senior-Software-Engineer-Compute-Team-8276514.aspx
FullStackJavaDevWestDublinKildare,Deloitte, https://www.irishjobs.ie/Jobs/Full-Stack-Java-Dev-West-8278655.aspx
SoftwareDeveloper,Aspira, https://www.irishjobs.ie/Jobs/Software-Developer-8275355.aspx
SeniorSoftwareEngineer,Globoforce, https://www.irishjobs.ie/Jobs/Senior-Software-Engineer-8271836.aspx
